rating,type of ownership,sector,revenue,hourly,employer provided,avg salary(k),job location,age,python,spark,aws,excel,sql,sas,keras,pytorch,scikit,tensor,hadoop,tableau,bi,flink,mongo,google_an,job_title_sim,seniority_by_title,degree,desc_len,num_comp,size
3.8,Private,2,2,0,0,72,NM,48,1,0,0,1,0,1,0,0,0,0,0,1,1,0,0,0,DS,N,M,2536,0,2
3.4,Other,12,3,0,0,87.5,MD,37,1,0,0,0,0,0,0,0,0,0,0,0,0,0,0,0,DS,N,M,4783,0,3
4.8,Private,6,2,0,0,85,FL,11,1,1,0,1,1,1,0,0,0,0,0,0,0,0,0,0,DS,N,M,3461,0,2
3.8,Government,19,3,0,0,76.5,WA,56,1,0,0,0,0,0,0,0,0,0,0,0,0,0,0,0,DS,N,N,3883,3,2
2.9,Private,6,0,0,0,114.5,NY,23,1,0,0,1,1,1,0,0,0,0,0,0,0,0,0,0,DS,N,N,2728,3,1
3.4,Public,20,3,0,0,95,TX,21,1,0,1,1,1,0,0,0,0,0,0,0,1,0,1,0,DS,N,N,3747,3,1
4.1,Private,10,0,0,0,73.5,MD,13,0,0,0,1,0,0,0,0,0,0,0,0,0,0,0,0,DS,N,N,1786,0,2
3.8,Private,6,2,0,0,114,CA,16,1,1,1,1,1,0,0,1,0,1,0,0,0,0,0,0,DS,N,M,3804,0,1
3.3,Hospital,12,3,0,0,61,NY,7,0,0,0,0,0,0,0,0,0,0,0,0,0,0,0,0,N,N,P,1538,0,3
4.6,Private,13,2,0,0,140,NY,12,1,1,0,0,0,0,0,0,0,0,0,0,0,0,0,0,DS,N,N,4574,2,1
3.5,Private,21,3,0,0,163.5,CA,10,1,0,0,0,0,0,0,0,0,0,0,0,0,0,0,0,DS,N,N,2757,0,2
4.1,Public,6,3,0,0,85,VA,53,0,0,0,0,1,0,0,0,0,0,1,0,0,0,0,0,DS,N,N,3490,0,3
3.2,Public,21,3,0,0,139,TX,59,0,0,0,0,1,0,0,0,0,0,1,0,0,0,0,0,DS,N,M,3934,3,3
4.1,Private,6,0,0,0,65.5,WA,9,1,1,1,1,1,0,0,0,0,0,0,1,1,0,0,0,DA,N,N,4897,0,1
3.7,Public,5,3,0,0,113.5,MA,240,1,1,0,0,1,0,0,0,0,1,0,0,0,0,0,0,DS,N,M,3731,3,3
3.6,Subsidiary,16,0,0,0,146,NJ,26,0,0,0,1,0,0,0,0,0,0,0,0,0,0,0,0,DE,N,N,1889,0,2
3.9,Public,5,1,0,0,102,MA,10,0,0,0,1,0,0,0,0,0,0,0,0,0,0,0,0,N,N,P,3639,3,1
4.3,Private,13,0,0,0,153.5,CA,10,1,1,1,1,0,0,0,0,0,0,1,0,0,0,0,0,DS,N,M,4163,0,1
4.2,Private,13,0,0,0,142.5,CA,11,0,0,0,0,1,0,0,0,0,0,0,0,0,0,0,0,DS,N,N,3512,0,1
4,Nonprofit,14,3,0,0,87.5,CO,106,1,0,0,1,1,0,1,1,1,1,0,0,0,0,0,0,DS,N,M,4397,0,2
3.2,Private,13,0,0,0,105.5,WA,9,1,1,0,0,1,0,0,0,0,0,0,0,0,0,0,0,DS,N,M,2918,3,1
3.9,Private,14,0,0,0,96,TX,8,0,0,0,1,0,0,0,0,0,0,0,0,0,0,0,0,DS,SR,P,6909,0,1
3.8,Private,23,0,0,0,112.5,IL,26,1,0,1,1,1,0,0,0,0,0,0,0,0,0,1,0,DS,N,M,6408,0,2
4.3,Nonprofit,23,1,0,0,84,KY,86,1,0,0,1,1,0,0,0,0,0,0,1,0,0,0,0,DS,N,M,2907,0,1
4,Private,13,2,0,0,143,VA,9,1,0,1,0,0,0,1,0,0,1,0,0,0,0,0,0,DS,N,N,3760,3,2
4,Public,5,3,0,0,86.5,MA,172,1,0,1,1,0,0,0,0,0,0,0,0,0,0,0,0,DS,N,N,3698,0,3
3.5,Private,10,2,0,0,99.5,OR,69,1,1,1,1,1,0,1,0,1,1,0,1,0,0,0,0,DS,N,N,4420,0,2
3.7,Public,14,3,0,0,47.5,MA,169,0,0,0,1,0,0,0,0,0,0,0,0,0,0,0,0,DA,N,N,4900,0,3
4,Public,5,3,0,0,84,CT,172,0,0,1,1,0,0,0,0,0,0,0,0,0,0,0,0,DS,N,M,5015,0,3
4.8,Private,6,2,0,0,85,FL,11,1,1,0,1,1,1,0,0,0,0,0,0,0,0,0,0,DS,N,M,3461,0,2
3.8,Government,19,3,0,0,76.5,WA,56,1,0,0,0,0,0,0,0,0,0,0,0,0,0,0,0,DS,N,N,3883,3,2
3.6,Private,20,3,0,0,96,MI,24,1,0,0,0,1,1,0,0,0,0,0,0,0,0,0,0,DS,N,M,3342,0,2
3.8,Public,5,3,0,0,114.5,MA,25,1,0,0,0,0,0,0,1,1,0,0,0,0,0,0,0,DS,N,N,5045,0,3
3.8,Public,22,3,0,0,121,CA,25,1,1,0,1,1,0,1,0,1,1,0,0,0,0,1,0,DS,N,M,2327,0,3
4.7,Private,5,0,0,0,112.5,MA,47,1,0,0,1,0,0,0,0,0,0,0,0,0,0,0,0,DS,N,N,2161,3,1
4.2,Private,13,0,0,0,106,CA,13,1,0,0,1,1,0,0,0,0,0,0,1,1,0,0,0,DA,N,N,1739,0,1
3.5,Private,13,3,0,0,107,CA,52,1,1,1,0,0,0,0,0,0,0,1,1,0,0,1,0,DS,N,M,5000,1,2
4.7,Private,2,2,0,0,110,MA,11,1,1,0,1,1,0,0,1,1,1,1,0,0,0,0,0,DS,N,P,3703,0,1
3.5,Public,5,3,0,0,147.5,CA,151,1,0,0,1,0,0,0,0,0,0,0,0,0,0,0,0,DS,SR,M,3555,0,3
3.5,Private,14,2,0,0,106,NY,36,1,0,0,1,1,0,0,0,0,0,0,0,0,0,0,0,DE,N,M,1739,0,1
4.2,Private,13,2,0,0,88,CA,13,1,0,1,1,1,0,0,0,0,0,0,1,0,0,1,0,DA,N,N,3053,3,1
3.6,Private,0,1,0,0,98.5,MA,-1,0,0,0,1,1,0,0,0,0,0,0,0,0,0,0,0,DE,N,N,1996,0,0
4.2,Private,13,0,0,0,142.5,CA,11,0,0,0,0,0,0,0,0,0,0,0,0,0,0,0,0,DS,N,M,3833,0,1
3.4,Public,15,3,0,0,82.5,NJ,6,0,0,1,0,0,0,0,0,0,0,0,0,0,0,0,0,N,N,M,3550,3,3
4.3,Public,20,3,0,0,130,IL,28,1,1,0,1,1,0,0,0,1,0,1,1,1,0,0,0,DS,SR,M,9120,3,2
5,Private,13,0,0,1,155,DC,-1,0,0,1,1,0,0,0,0,0,0,0,0,0,0,0,0,DS,N,N,3213,0,0
3.7,Public,13,3,0,0,184.5,WA,63,1,0,0,1,1,1,0,0,0,0,0,1,0,0,0,0,DS,SR,N,7286,3,3
3.1,Private,13,3,0,0,29.5,CO,35,0,0,0,1,0,0,0,0,0,0,0,0,0,0,0,0,DA,N,M,3412,0,3
4.7,Private,2,2,0,0,86.5,OH,22,0,0,0,0,0,0,0,0,0,0,0,0,0,0,0,0,N,N,M,2682,3,2
3.7,Public,15,3,0,0,81,IL,96,0,0,0,0,0,0,0,0,0,0,0,1,0,0,0,0,DS,N,N,2739,3,3
3.8,Subsidiary,6,0,0,0,91,FL,37,1,0,0,1,1,0,0,0,0,0,1,1,0,0,0,0,DS,N,N,2915,0,2
3.3,Private,14,3,0,0,114.5,MA,109,1,0,0,0,0,0,0,0,0,0,0,0,0,0,0,0,DS,N,N,4244,3,3
4.6,Private,2,2,0,0,68,AL,19,1,0,0,1,0,0,0,0,0,0,0,1,0,0,0,0,DA,N,N,1629,0,2
3.7,Public,14,3,0,0,115,NY,158,1,0,0,1,1,0,0,0,0,0,0,0,0,0,0,0,DS,N,M,4734,3,3
3.7,Public,2,3,0,0,109.5,CA,82,0,0,0,1,1,0,0,0,0,0,0,1,0,0,0,0,DS,N,N,4448,0,3
3.5,Public,5,3,0,0,75.5,NM,151,1,0,0,1,0,0,0,0,0,0,0,0,0,0,0,0,DS,N,M,3543,0,3
4.1,Private,13,0,0,0,154.5,CA,9,1,1,0,1,0,0,0,0,0,1,0,0,0,1,0,0,DS,N,P,4203,3,2
4.7,Private,13,0,0,0,143.5,MO,5,1,1,0,0,1,0,1,0,1,1,0,0,0,0,0,0,DS,N,N,5020,2,1
4.1,Private,10,0,0,0,73.5,MD,13,0,0,0,1,0,0,0,0,0,0,0,0,0,0,0,0,DS,N,N,1786,0,2
3.4,Public,20,3,0,0,95,TX,21,1,0,1,1,1,0,0,0,0,0,0,0,1,0,1,0,DS,N,N,3747,3,1
4.4,Subsidiary,17,0,0,0,107,OH,136,1,0,1,0,1,0,0,0,0,0,0,1,1,0,0,0,DS,SR,M,4804,0,1
4.3,Private,6,1,0,0,115,NY,10,1,1,1,0,1,0,0,0,0,0,1,1,0,0,0,0,DS,N,N,1382,0,1
3.8,Public,10,2,0,0,139.5,CA,15,0,0,0,0,1,1,0,0,0,0,0,0,0,0,0,0,DS,SR,M,2933,0,2
3.8,Government,19,3,0,0,67,WA,56,0,0,0,0,0,0,0,1,0,1,0,0,0,0,0,0,DS,N,M,4945,3,2
3.8,Public,21,3,0,0,85,PA,73,1,0,0,0,1,0,0,1,0,1,0,0,0,0,0,0,DS,N,M,2493,3,3
2.8,Private,5,1,0,0,118,MA,15,1,0,0,1,1,0,0,0,0,0,0,0,0,0,0,0,DS,N,P,1939,0,1
4.7,Private,13,2,0,0,79.5,GA,18,1,0,0,1,1,0,1,1,1,0,0,0,0,0,0,0,DS,N,N,3081,0,1
3.1,Public,6,2,0,0,56.5,MA,22,1,0,0,0,1,0,0,0,0,0,0,1,0,0,0,0,DS,N,N,8397,4,1
3.2,Private,6,1,0,0,128.5,PA,-1,1,1,1,0,1,0,0,0,0,0,1,0,0,0,0,0,DS,N,N,2306,0,0
4,Public,13,0,0,0,97.5,WA,82,0,0,0,0,0,0,0,0,0,0,0,0,0,0,0,0,N,N,M,2291,0,3
4.4,Private,13,0,0,0,66.5,IN,6,1,0,0,0,0,0,0,0,0,0,0,1,0,0,0,0,N,N,N,1886,0,0
3.6,Public,6,3,0,0,179.5,IL,94,1,0,0,1,1,1,0,0,0,0,0,0,0,0,0,0,D,N,M,2903,0,3
2.7,Subsidiary,6,2,0,0,76,MO,43,0,0,0,1,0,0,0,0,0,0,0,0,0,0,0,0,N,N,P,2653,0,2
3.9,Private,13,2,0,0,112,VA,11,1,1,0,0,1,0,0,0,0,0,1,0,0,0,0,0,DS,SR,M,4427,3,2
3.1,Private,17,3,0,0,98,PA,161,1,0,0,0,0,0,0,0,0,1,0,0,0,0,0,0,DS,N,M,2609,3,2
4,Public,13,0,0,0,128,WA,82,0,1,1,0,1,0,0,0,1,1,0,0,0,0,0,0,DS,SR,M,4295,0,3
4.3,Private,13,0,0,0,150.5,CA,10,1,1,1,1,0,0,1,0,1,1,1,0,0,0,0,0,DS,N,P,3405,0,1
1.9,Private,5,1,0,0,87.5,MA,21,0,0,1,0,0,0,0,0,0,0,0,0,0,0,0,0,N,N,M,5153,0,1
3.3,Private,2,3,0,0,110,VA,4,1,0,0,1,0,0,0,0,1,0,1,0,0,0,0,0,DS,N,N,3381,0,2
4.4,Private,13,3,0,0,113.5,CA,26,1,0,0,1,0,0,0,0,0,0,0,0,0,0,0,0,DS,N,N,879,3,3
3.9,Private,12,1,0,0,124,CA,5,1,0,0,0,1,0,0,0,0,0,0,0,0,0,0,0,DS,N,N,4189,0,1
4.7,Private,6,2,0,0,56.5,PA,24,0,0,0,1,0,0,0,0,0,0,0,0,0,0,0,1,DA,JR,N,4424,0,1
4.5,Nonprofit,2,3,0,0,130,MD,79,1,0,0,1,0,0,0,0,0,0,0,0,0,0,0,0,DS,N,N,2996,3,3
4.3,Private,13,1,0,0,77.5,IL,13,0,0,0,1,1,0,0,0,0,0,0,0,0,0,0,0,DA,N,N,3682,3,1
4,Private,6,2,0,0,87,VA,19,1,0,1,1,1,0,0,0,0,0,0,0,0,0,0,0,DE,N,N,3819,0,1
4.4,Private,6,2,0,0,53.5,WA,73,0,0,0,1,0,0,0,0,0,0,0,0,0,0,0,0,DA,N,N,1791,0,2
3.2,Public,21,3,0,0,139,TX,59,0,0,0,0,1,0,0,0,0,0,1,0,0,0,0,0,DS,N,M,3934,3,3
3.8,Private,6,2,0,0,114,CA,16,1,1,1,1,1,0,0,1,0,1,0,0,0,0,0,0,DS,N,M,3804,0,1
4.2,Private,13,2,0,0,85.5,FL,13,1,1,0,1,1,0,0,0,0,0,1,0,0,0,0,0,DS,N,N,3204,0,2
4.5,Private,13,2,0,0,48,AL,25,0,0,0,1,1,0,0,0,0,0,1,0,0,0,0,0,N,N,N,2253,0,1
3.5,Private,13,0,0,0,48,LA,22,0,0,0,1,1,0,0,0,0,0,0,0,0,0,0,0,DA,N,N,2772,0,1
3.5,Public,5,2,0,0,174,CA,31,0,0,0,1,0,0,0,0,0,0,0,0,0,0,0,0,N,SR,M,4751,3,1
3.9,Public,10,3,0,0,85,GA,53,1,1,0,0,1,1,0,0,0,0,0,0,0,0,0,0,DS,N,N,2380,0,3
4.7,Private,13,1,0,0,106.5,MD,18,0,0,0,0,0,0,0,0,0,0,0,0,0,0,0,0,N,N,N,2723,0,1
4.2,Private,13,2,0,0,72.5,MD,33,0,0,0,1,0,0,0,0,0,0,0,0,0,0,0,0,DA,N,N,2337,0,2
3.4,Subsidiary,13,3,0,0,85.5,MD,25,0,0,0,0,0,0,0,0,0,0,0,0,0,0,0,0,N,N,M,4088,3,3
3.2,Nonprofit,11,3,0,0,97.5,VA,63,1,0,0,1,1,1,0,0,0,0,0,1,1,0,1,0,DS,N,N,5342,3,3
3.9,Private,13,2,0,0,99,VA,11,1,0,0,1,0,0,0,0,0,0,0,1,0,0,0,0,DS,N,N,2588,3,2
3.1,Private,14,3,0,0,56.5,WI,20,0,0,0,1,1,0,0,0,0,0,0,0,0,0,0,0,DA,N,N,4203,3,2
4.1,Private,13,0,0,0,133,MD,14,1,0,0,0,0,0,0,0,0,0,0,0,0,0,0,0,DS,SR,N,5467,0,0
3.8,Private,6,0,0,0,121,NY,9,1,1,0,0,0,0,1,1,1,1,0,0,0,0,0,0,DS,N,N,3443,0,1
4.7,Private,6,0,0,0,85.5,NY,29,1,0,0,0,1,0,0,0,0,0,0,0,0,0,0,0,DS,N,M,3316,3,2
4.3,Subsidiary,9,0,0,0,87.5,TX,6,1,0,0,0,1,0,0,0,0,1,0,0,0,0,0,0,DS,N,N,3717,3,2
4.2,Private,6,0,0,0,237.5,DC,86,1,0,0,1,0,0,0,0,0,0,0,0,0,0,0,0,DS,SR,M,3301,3,2
3.9,Private,13,2,0,0,95.5,NC,24,1,1,0,0,1,0,0,0,0,0,0,1,0,0,0,0,DE,N,M,5483,3,2
3.3,Public,15,3,0,0,104.5,MI,27,1,1,1,1,1,0,0,0,0,0,0,0,1,0,0,0,DS,SR,M,4753,0,3
4.7,Private,13,0,0,0,56.5,NJ,9,0,0,0,1,1,0,0,0,0,0,0,1,0,0,0,0,DA,N,N,5609,3,1
4.3,Private,13,2,0,0,55,AZ,11,0,0,0,1,1,0,0,0,0,0,0,0,1,0,0,0,DA,SR,N,3209,0,1
2.9,Hospital,12,0,0,0,61.5,NE,44,0,0,0,1,0,0,0,0,0,0,0,0,0,0,0,0,N,N,P,4917,3,2
4.5,Private,13,2,0,0,157,CA,15,0,1,1,0,0,0,0,0,0,0,0,0,0,0,0,0,DS,N,N,5139,3,1
3.4,Private,13,0,0,0,78,NJ,2,1,0,0,0,1,0,0,0,0,0,0,0,0,0,0,0,DE,N,N,2232,2,1
3.7,Public,5,3,0,0,113.5,MA,240,1,1,0,0,1,0,0,0,0,1,0,0,0,0,0,0,DS,N,M,3731,3,3
4.6,Private,13,2,0,0,140,NY,12,1,1,0,0,0,0,0,0,0,0,0,0,0,0,0,0,DS,N,N,4574,2,1
3.2,Private,13,0,0,0,132.5,CA,6,0,1,0,1,0,0,0,0,0,1,0,0,0,0,0,0,DS,N,M,3158,0,1
4,Public,13,3,0,0,108,CA,39,1,1,0,0,1,0,0,0,0,0,1,0,0,0,0,0,DE,N,M,3443,0,3
4.6,Private,3,2,0,0,80.5,IN,84,0,0,0,0,0,0,0,0,0,0,0,0,0,0,0,0,DS,N,N,741,0,2
2.8,Private,12,0,0,0,107.5,MD,21,1,0,0,0,0,0,0,0,0,0,0,0,0,0,0,0,DS,N,M,3899,0,1
4.7,Private,6,2,0,0,95,MN,25,0,1,1,0,1,0,0,0,0,0,1,0,0,1,0,0,DE,N,N,2896,2,1
3,Nonprofit,12,0,0,0,119.5,CA,24,1,1,0,0,1,1,0,0,0,0,0,1,0,0,0,0,DS,N,M,3947,3,2
3.2,Private,6,3,0,0,134,NC,21,0,1,1,0,1,0,0,0,0,0,0,0,0,0,0,0,DE,SR,N,2620,3,2
4.4,Private,13,0,0,0,100.5,MA,22,1,0,0,1,1,0,0,0,1,0,0,1,1,0,0,0,DS,N,N,4188,0,1
3.5,Public,16,3,0,0,107.5,OH,143,1,0,0,0,1,0,0,0,0,0,0,1,0,0,0,0,DS,N,M,7231,0,2
4,Private,13,0,0,0,122,DC,6,1,1,1,0,1,0,0,0,0,0,0,0,0,0,0,0,DE,N,N,4064,0,1
4.3,Public,20,3,0,0,92.5,IL,28,1,1,0,1,1,0,0,0,0,0,1,0,0,0,1,0,DE,N,N,8175,3,2
2.3,Private,6,2,0,0,62,MD,35,0,0,0,1,1,0,0,0,0,0,0,0,0,0,0,0,DA,N,N,1822,0,2
4,Other,6,2,0,0,39.5,AL,21,0,0,0,0,0,0,0,0,0,0,0,0,0,0,0,0,N,N,N,2773,0,1
3.6,Private,15,2,0,0,107.5,CA,55,0,0,0,1,0,0,0,0,0,0,0,1,0,0,0,1,DS,N,M,3987,0,2
3.8,Private,6,0,0,0,40.5,MO,4,1,0,1,1,1,0,0,0,0,0,0,1,0,0,0,0,M,N,N,4154,0,2
3.7,Public,13,3,0,0,89.5,VA,63,1,1,0,0,1,0,0,0,0,0,1,1,0,0,0,0,DS,SR,M,5002,3,3
4.4,Private,6,2,0,0,81,IL,13,1,0,1,1,1,0,0,0,0,0,1,1,0,0,0,0,DS,N,N,3154,0,1
4,Private,13,2,0,0,147,VA,9,1,0,1,0,0,0,1,0,0,1,0,0,0,0,0,0,DS,SR,N,3698,3,2
3.2,Private,10,2,0,0,85,TX,63,1,0,0,1,1,1,0,0,0,0,0,1,1,0,0,0,DS,N,N,3991,3,2
2.9,Private,15,3,0,0,81.5,CA,50,0,0,0,1,0,0,0,0,0,0,0,0,0,0,0,0,N,N,M,5619,2,2
3.8,Public,5,3,0,0,168,CA,24,0,0,0,1,0,0,0,0,0,0,0,0,0,0,0,0,N,N,P,6275,3,2
4.3,Private,2,0,0,0,100.5,CO,14,1,1,1,1,1,0,0,0,0,1,1,0,0,0,0,0,MLE,N,N,3549,0,0
3.4,Private,6,2,0,0,97,NY,78,1,1,0,1,1,0,0,0,0,0,1,1,0,0,1,0,DS,N,M,7548,3,2
4.1,Public,6,3,0,0,85,VA,53,0,0,0,0,1,0,0,0,0,0,1,0,0,0,0,0,DS,N,N,3490,0,3
4.3,Private,13,0,0,0,153.5,CA,10,1,1,1,1,0,0,0,0,0,0,1,0,0,0,0,0,DS,N,M,4163,0,1
5,Private,13,0,0,1,132.5,FL,4,0,0,0,0,0,0,0,0,0,0,0,0,0,0,0,0,DE,N,N,688,0,1
4.3,Private,13,1,0,0,100,IL,13,0,1,0,1,1,0,0,0,0,0,0,0,0,0,0,0,DE,N,N,3055,3,1
3.7,Private,24,0,0,0,105,CO,10,1,0,0,0,1,0,0,0,0,0,0,0,0,0,0,0,DS,SR,M,3353,0,1
4.2,Nonprofit,18,0,0,0,87,UT,-1,0,0,1,1,0,0,0,0,0,0,0,0,0,0,0,0,DE,N,M,3066,0,3
4.3,Private,20,0,0,0,103.5,CA,8,0,0,0,1,1,0,0,0,0,0,0,0,0,0,0,0,DA,N,N,1806,3,1
2.6,School,9,0,0,0,124,PA,37,1,0,0,1,0,0,0,0,0,0,0,0,0,0,0,0,N,SR,M,6130,0,2
3.8,Government,19,3,0,0,67,WA,56,1,0,0,0,0,0,0,0,0,0,0,0,0,0,0,0,DS,N,P,6844,3,2
3.9,Private,13,3,0,0,87,DC,21,0,0,0,0,0,0,0,0,0,0,0,0,0,0,0,0,DE,N,M,3217,3,3
4.3,Private,13,0,0,0,137.5,IL,10,1,1,1,1,0,0,1,0,1,1,1,0,0,0,0,0,DS,N,P,3405,0,1
3.8,Private,6,2,0,0,100,OH,34,1,0,0,1,1,0,0,0,1,0,0,0,1,0,0,0,DS,SR,M,5526,3,1
3.8,Nonprofit,14,3,0,0,106.5,TN,76,0,0,0,1,1,1,0,0,0,0,0,1,0,0,1,0,DE,N,N,5743,0,3
3.8,Government,19,3,0,0,98.5,WA,56,0,0,0,0,0,0,0,0,0,0,0,0,0,0,0,0,DS,SR,P,4904,3,2
4.8,Private,6,2,0,0,61,FL,11,1,0,0,1,1,0,0,0,0,0,0,0,0,0,0,0,DA,SR,M,2934,0,2
4.4,Private,6,0,0,0,106.5,IN,13,1,1,1,0,1,0,0,0,0,0,0,0,0,0,1,0,N,SR,N,4127,0,1
3.9,Private,13,0,0,0,84.5,MA,16,1,1,0,0,1,0,0,0,0,0,0,0,0,0,0,0,DE,N,N,2075,0,1
3.4,Public,15,3,0,0,109.5,NJ,175,1,0,0,1,0,0,0,0,0,0,0,1,1,0,0,0,M,N,M,2962,0,2
3.6,Private,14,3,0,0,164,MA,170,1,1,1,0,1,0,0,0,1,0,1,0,0,0,0,0,DS,SR,P,4414,0,3
3.9,Subsidiary,5,3,0,0,169,CA,45,1,1,0,1,1,0,0,0,0,0,1,0,0,0,0,0,DS,SR,P,7106,0,3
3.8,Public,22,3,0,0,142,CA,25,1,1,1,1,0,0,0,0,1,1,0,0,0,1,0,0,DS,SR,P,2397,0,3
3.7,Public,5,3,0,0,76.5,MA,240,0,0,0,1,0,0,0,0,0,0,0,0,0,0,0,0,N,N,P,2468,3,3
3.8,Private,14,3,0,0,107,MD,40,1,0,0,1,1,0,0,0,0,0,0,1,0,0,0,0,DS,N,M,3010,0,2
3.5,Public,13,3,0,0,171.5,CA,51,1,0,1,0,1,0,0,0,0,0,1,0,0,0,0,0,DS,N,M,4486,2,3
3.9,Private,14,0,0,0,96,TX,8,0,0,0,1,0,0,0,0,0,0,0,0,0,0,0,0,DS,SR,P,6909,0,1
4.2,Private,13,0,0,0,142.5,CA,11,0,0,0,0,1,0,0,0,0,0,0,0,0,0,0,0,DS,N,N,3512,0,1
4.2,Nonprofit,18,0,0,0,107,UT,-1,0,0,0,1,0,0,0,0,0,0,0,0,0,0,0,0,DE,N,M,2617,0,3
3.5,Private,5,3,0,0,145,MA,11,1,0,0,1,0,0,0,0,0,0,0,0,0,0,0,0,N,SR,P,5391,3,2
2.9,Nonprofit,9,2,0,0,61.5,VA,28,1,0,0,1,1,0,0,0,0,0,0,1,1,0,0,0,DA,SR,M,5736,3,1
3.6,Nonprofit,12,0,1,0,42,PA,4,0,0,0,0,0,0,0,0,0,0,0,0,0,0,0,0,N,N,N,2117,0,3
2.7,Government,10,2,0,0,120,WI,70,1,0,0,0,1,0,0,0,0,0,0,1,1,0,0,0,DS,N,N,6467,0,1
4.4,Public,5,2,0,0,62,MA,8,0,0,0,0,0,0,0,0,0,0,0,0,0,0,0,0,N,N,P,5512,0,1
4,Public,13,3,0,0,150.5,CA,39,1,1,0,0,1,1,0,0,1,1,1,0,0,0,0,0,DS,SR,P,2525,0,3
4.3,Private,6,0,0,0,87.5,MI,54,0,0,0,1,1,0,0,0,0,0,0,1,0,0,0,0,M,N,N,1961,0,1
4.2,Public,6,2,0,0,71.5,FL,15,1,1,1,1,1,0,0,0,0,0,1,0,0,0,0,0,DE,N,N,10051,2,1
3.6,Subsidiary,21,2,0,0,51.5,CA,15,0,0,0,1,0,0,0,0,0,0,0,0,0,0,0,1,DA,N,N,4353,0,1
3.7,Public,5,3,0,0,151.5,CA,240,0,0,0,1,0,0,0,0,0,0,0,0,0,0,0,0,N,SR,M,5801,3,3
2.8,Private,13,0,0,0,77.5,NJ,7,1,0,0,1,1,0,0,0,0,0,0,1,0,0,0,0,DA,SR,N,5894,0,1
3.7,Public,5,3,0,0,140,MA,240,0,0,0,1,0,0,0,0,0,0,0,0,0,0,0,0,N,SR,M,2309,3,3
3.3,Private,14,1,0,0,98.5,NJ,39,0,0,0,1,1,1,0,0,0,0,0,0,0,0,0,0,DS,SR,M,3239,2,2
-1,Private,13,1,0,1,225,CA,4,1,0,1,1,0,0,0,0,0,0,0,1,0,0,0,0,DS,SR,N,1632,0,1
3.6,Nonprofit,12,2,1,0,56.5,DE,86,0,0,0,0,0,0,0,0,0,0,0,0,0,0,0,0,N,N,N,2724,0,2
3.7,Public,5,3,0,0,161.5,MA,240,0,0,0,0,0,0,0,0,0,0,0,0,0,0,0,0,N,SR,M,1345,3,3
3.4,Public,14,3,0,0,147,NY,73,1,1,1,0,1,0,1,1,1,1,1,0,0,0,0,0,DS,SR,N,4835,0,2
4.1,Private,19,3,0,0,61,MO,60,0,0,0,1,1,0,0,0,0,0,0,0,0,0,0,0,DA,N,M,2886,0,2
2.6,School,9,0,0,0,120,PA,37,1,0,0,0,0,0,0,0,0,0,0,0,0,0,0,0,MLE,N,P,2808,0,2
3.2,Public,10,3,0,0,124.5,AZ,13,1,0,0,1,1,0,1,0,0,1,0,0,0,0,0,0,N,N,N,1925,3,2
3.9,Private,10,2,0,0,148,CA,12,1,0,0,0,0,0,0,0,0,0,0,0,0,0,0,0,DS,SR,M,2364,0,1
4.7,Private,2,2,0,0,59,AL,25,1,0,0,1,0,0,0,0,0,0,0,0,0,0,0,0,DA,N,N,3088,2,1
3.7,Public,14,3,0,0,146.5,MA,169,1,0,0,1,1,1,0,0,0,0,0,0,0,0,0,0,DS,SR,M,5123,0,3
2.9,Public,5,0,0,0,91.5,MA,-1,0,0,0,1,0,0,0,0,0,0,0,0,0,0,0,0,N,N,P,3984,0,1
3,Private,5,0,0,0,133,IL,6,1,0,1,0,1,0,0,1,1,1,0,0,0,0,0,0,MLE,SR,P,3280,0,2
4.7,Private,5,1,0,0,140.5,UT,8,1,0,1,0,0,0,1,1,1,1,0,0,0,0,0,0,DS,SR,N,4819,0,1
3.7,Private,13,0,0,0,70.5,LA,-1,0,0,0,1,1,0,0,0,0,0,0,0,0,0,0,0,DE,N,N,3670,0,2
3.3,Hospital,12,3,0,0,84.5,NY,7,0,0,0,0,0,0,0,0,0,0,0,0,0,0,0,0,N,SR,P,3670,0,3
4,Private,13,1,0,0,93.5,MD,19,0,0,0,1,0,0,0,0,0,0,0,0,0,0,0,0,N,N,M,4637,0,1
4.4,Public,5,2,0,0,134.5,MA,8,0,0,0,0,0,0,0,0,0,0,0,0,0,0,0,0,N,SR,P,4438,0,1
3.9,Private,13,1,0,0,181,CA,14,1,1,0,0,1,0,0,0,1,1,0,0,0,0,0,0,MLE,N,N,2015,2,1
3.3,Hospital,12,3,0,0,84.5,NY,7,0,0,0,0,0,0,0,0,0,0,0,0,0,0,0,0,N,SR,P,3627,0,3
4.1,Private,13,2,0,0,205,CA,11,1,1,1,0,1,0,0,0,0,0,0,0,0,0,0,0,DE,SR,N,4037,3,1
3.6,Private,4,2,0,0,48.5,CA,35,0,0,0,1,1,1,0,0,0,0,0,1,0,0,0,1,DA,N,M,4608,0,2
4,Hospital,12,2,1,0,44.5,TX,44,0,0,1,0,0,0,0,0,0,0,0,0,0,0,0,0,N,N,N,5160,0,2
2.4,Private,15,2,0,0,52.5,IL,-1,0,0,0,0,0,0,0,0,0,0,0,0,0,0,0,0,N,N,N,2433,0,2
2.6,School,9,0,0,0,124,PA,37,0,0,0,0,0,0,0,0,0,0,0,0,0,0,0,0,MLE,SR,P,5379,0,2
3.5,Nonprofit,12,3,0,0,64,CA,25,0,0,0,0,1,0,0,0,0,0,0,1,0,0,0,0,M,N,N,3846,0,2
3,Private,21,3,0,0,98,TN,63,1,0,0,0,1,0,0,0,0,0,0,0,0,0,0,0,DE,SR,M,2133,3,3
3.6,Nonprofit,12,2,1,0,56.5,DE,86,0,0,0,0,0,0,0,0,0,0,0,0,0,0,0,0,N,N,N,2801,0,2
3.3,Private,15,0,0,0,54,WI,57,0,0,0,0,0,0,0,0,0,0,0,0,0,0,0,0,N,N,N,2832,0,2
2.7,Private,5,2,0,0,81,MD,60,0,0,0,1,0,0,0,0,0,0,0,0,0,0,0,0,N,N,P,3776,0,1
3.4,Public,23,3,0,0,107.5,IL,16,0,0,0,0,1,0,0,0,0,0,0,0,0,0,0,0,DE,SR,N,4288,3,2
3.8,Private,23,0,0,0,112.5,IL,26,1,0,1,1,1,0,0,0,0,0,0,0,0,0,1,0,DS,N,M,6408,0,2
3.7,Public,2,3,0,0,89,VA,26,1,1,0,1,1,0,0,0,0,0,1,1,0,0,0,0,DS,N,N,5298,3,3
4.8,Private,14,3,0,0,100.5,WI,96,0,0,0,0,0,1,0,0,0,0,0,0,0,0,0,0,DS,SR,M,1806,0,2
3.8,Private,24,3,0,0,65,NY,19,0,0,0,1,1,0,0,0,0,0,0,1,1,0,0,0,DA,N,N,2469,3,2
3.4,Government,11,0,1,0,41.5,LA,91,0,0,0,0,0,0,0,0,0,0,0,0,0,0,0,0,N,N,M,9322,0,3
4.3,Subsidiary,6,0,0,0,72.5,TX,22,1,1,1,1,1,0,0,0,0,0,1,1,1,0,0,0,DS,N,M,5775,0,1
4.8,Private,6,2,0,0,61,FL,11,1,0,0,1,1,0,0,0,0,0,0,0,0,0,0,0,DA,SR,M,2934,0,2
3.4,Public,15,3,0,0,109.5,NJ,175,1,0,0,1,0,0,0,0,0,0,0,1,1,0,0,0,M,N,M,2962,0,2
3.9,Private,13,0,0,0,84.5,MA,16,1,1,0,0,1,0,0,0,0,0,0,0,0,0,0,0,DE,N,N,2075,0,1
3.4,Private,6,1,0,0,87.5,IL,29,0,0,0,0,1,1,0,0,0,0,0,0,0,0,0,0,DS,N,N,4082,0,1
3.1,Public,16,3,0,0,92.5,CA,24,1,0,0,1,1,0,0,0,0,0,1,1,0,0,0,0,DA,N,N,3123,3,2
3.2,Nonprofit,11,3,0,0,81.5,VA,63,1,1,0,0,0,0,0,0,0,0,1,0,0,0,0,0,DS,N,N,3144,3,3
4.3,Private,23,0,0,0,79,OH,40,0,0,0,0,1,0,0,0,0,0,0,0,0,0,0,0,DA,N,N,1884,2,2
3.6,Private,14,3,0,0,164,MA,170,1,1,1,0,1,0,0,0,1,0,1,0,0,0,0,0,DS,SR,P,4414,0,3
3.9,Subsidiary,5,3,0,0,169,CA,45,1,1,0,1,1,0,0,0,0,0,1,0,0,0,0,0,DS,SR,P,7106,0,3
3.8,Public,22,3,0,0,142,CA,25,1,1,1,1,0,0,0,0,1,1,0,0,0,1,0,0,DS,SR,P,2397,0,3
2.8,Nonprofit,18,2,0,0,47.5,CA,-1,0,0,0,1,0,0,0,0,0,0,0,0,0,0,0,0,DA,N,N,5435,0,2
3.7,Public,5,3,0,0,76.5,MA,240,0,0,0,1,0,0,0,0,0,0,0,0,0,0,0,0,N,N,P,2468,3,3
3.4,Private,13,0,0,0,69,CA,8,1,0,0,1,1,0,0,0,0,0,0,1,1,0,0,0,DA,N,N,5483,0,1
4,Private,13,2,0,0,49,ID,37,1,0,0,1,1,0,0,0,0,0,0,1,0,0,0,0,DA,N,N,2505,0,1
3.5,Public,13,3,0,0,171.5,CA,51,1,0,1,0,1,0,0,0,0,0,1,0,0,0,0,0,DS,N,M,4486,2,3
3.8,Private,14,3,0,0,107,MD,40,1,0,0,1,1,0,0,0,0,0,0,1,0,0,0,0,DS,N,M,3010,0,2
3.7,Private,13,0,0,0,59,NJ,25,0,0,0,1,0,0,0,0,0,0,0,0,0,0,0,0,DA,N,M,2774,0,1
3.5,Private,13,2,0,0,88.5,IN,2,0,0,1,0,0,0,0,0,0,0,0,0,0,0,0,0,DS,N,M,7107,0,1
4.2,Nonprofit,18,0,0,0,107,UT,-1,0,0,0,1,0,0,0,0,0,0,0,0,0,0,0,0,DE,N,M,2617,0,3
4,Public,5,3,0,0,86.5,MA,172,1,0,1,1,0,0,0,0,0,0,0,0,0,0,0,0,DS,N,N,3698,0,3
4.3,Nonprofit,23,1,0,0,84,KY,86,1,0,0,1,1,0,0,0,0,0,0,1,0,0,0,0,DS,N,M,2907,0,1
4.7,Private,6,2,0,0,114.5,NY,29,1,0,0,1,1,0,0,0,0,0,0,1,0,0,0,0,N,N,M,4135,0,1
3.5,Private,5,3,0,0,145,MA,11,1,0,0,1,0,0,0,0,0,0,0,0,0,0,0,0,N,SR,P,5391,3,2
4.4,Public,13,2,0,0,88,TN,15,1,1,1,1,1,0,0,0,0,0,1,0,0,0,0,0,DE,N,N,4471,3,2
4.1,Private,13,2,0,0,100,IL,20,1,1,1,0,1,0,0,0,0,0,1,0,0,0,0,0,DE,N,N,4948,3,2
2.9,Nonprofit,9,2,0,0,61.5,VA,28,1,0,0,1,1,0,0,0,0,0,0,1,1,0,0,0,DA,SR,M,5736,3,1
2.5,Public,6,3,0,0,96.5,OR,22,1,1,0,0,1,0,0,0,0,0,0,0,0,0,0,0,DS,N,N,4466,3,2
4.2,Private,6,0,0,0,76,MN,29,1,0,0,1,1,0,0,0,0,0,0,0,0,0,0,0,DA,N,N,2385,3,1
3.9,Private,6,2,0,0,15.5,NY,55,0,0,0,1,0,0,0,0,0,0,0,0,0,0,0,0,DS,N,N,5019,0,2
4.3,Private,6,0,0,0,83.5,TX,11,1,0,0,1,1,0,0,0,0,0,0,0,0,0,0,1,DS,N,N,3111,0,0
2.7,Government,10,2,0,0,120,WI,70,1,0,0,0,1,0,0,0,0,0,0,1,1,0,0,0,DS,N,N,6467,0,1
3.9,Subsidiary,5,3,0,0,163,CA,45,0,0,0,1,1,1,0,0,0,0,0,0,0,0,0,0,DS,N,M,4502,0,3
3.4,Nonprofit,14,0,0,0,100,RI,82,0,0,1,0,1,1,0,0,0,0,0,0,0,0,0,0,DA,SR,N,4837,1,2
3.8,Nonprofit,18,0,0,0,52.5,NE,104,0,0,0,1,0,0,0,0,0,0,0,0,0,0,0,0,N,N,P,4837,3,2
3.6,Nonprofit,12,0,1,0,42,PA,4,0,0,0,0,0,0,0,0,0,0,0,0,0,0,0,0,N,N,N,2117,0,3
3.3,Nonprofit,12,0,0,0,50,DC,138,0,0,0,1,1,0,0,0,0,0,0,1,1,0,0,0,DA,JR,M,4135,0,2
3.4,Private,6,2,0,0,93,TX,15,1,0,1,0,1,0,0,0,0,0,1,1,1,0,0,0,DE,N,M,3799,0,1
3,Private,14,3,0,0,94.5,OH,134,1,0,0,0,1,1,0,0,0,0,0,0,0,0,0,0,DS,N,N,3421,0,2
4,Public,13,3,0,0,150.5,CA,39,1,1,0,0,1,1,0,0,1,1,1,0,0,0,0,0,DS,SR,P,2525,0,3
3.7,Public,14,3,0,0,102,NC,17,1,1,1,1,1,1,0,0,1,0,1,1,0,0,0,0,DS,N,M,5558,3,2
4.4,Public,5,2,0,0,62,MA,8,0,0,0,0,0,0,0,0,0,0,0,0,0,0,0,0,N,N,P,5512,0,1
4.3,Private,6,0,0,0,87.5,MI,54,0,0,0,1,1,0,0,0,0,0,0,1,0,0,0,0,M,N,N,1961,0,1
4,Public,5,3,0,0,84,CT,172,0,0,1,1,0,0,0,0,0,0,0,0,0,0,0,0,DS,N,M,5015,0,3
4,Private,13,2,0,0,143,VA,9,1,0,1,0,0,0,1,0,0,1,0,0,0,0,0,0,DS,N,N,3760,3,2
3.2,Private,6,1,0,0,155,PA,-1,1,1,1,1,0,0,0,0,1,0,1,0,0,0,0,0,DS,SR,M,1817,0,0
4.2,Public,6,2,0,0,71.5,FL,15,1,1,1,1,1,0,0,0,0,0,1,0,0,0,0,0,DE,N,N,10051,2,1
3.9,Private,14,1,0,0,108,CA,21,1,1,0,0,1,1,0,1,1,1,0,0,0,0,0,0,DS,N,M,3029,0,1
3.7,Public,5,3,0,0,151.5,CA,240,0,0,0,1,0,0,0,0,0,0,0,0,0,0,0,0,N,SR,M,5801,3,3
3.6,Subsidiary,21,2,0,0,51.5,CA,15,0,0,0,1,0,0,0,0,0,0,0,0,0,0,0,1,DA,N,N,4353,0,1
3.7,Public,5,3,0,0,140,MA,240,0,0,0,1,0,0,0,0,0,0,0,0,0,0,0,0,N,SR,M,2309,3,3
2.8,Private,13,0,0,0,77.5,NJ,7,1,0,0,1,1,0,0,0,0,0,0,1,0,0,0,0,DA,SR,N,5894,0,1
4.2,Private,10,2,0,0,63.5,ID,17,0,0,0,1,1,0,0,0,0,0,0,0,0,0,0,0,DA,N,N,2643,0,2
4,Private,13,1,0,0,109,CA,-1,1,0,0,0,1,0,0,0,0,0,0,1,0,0,0,0,DS,N,N,714,0,0
3.5,Public,2,3,0,0,96,TN,171,1,0,0,0,0,0,1,1,0,1,0,0,0,0,0,0,DS,N,M,3796,0,3
-1,Private,13,1,0,1,225,CA,4,1,0,1,1,0,0,0,0,0,0,0,1,0,0,0,0,DS,SR,N,1632,0,1
3.2,Public,10,3,0,0,101,CA,13,1,0,1,1,1,0,0,0,0,0,0,1,0,0,0,0,DE,N,N,2501,3,2
3.3,Private,14,1,0,0,98.5,NJ,39,0,0,0,1,1,1,0,0,0,0,0,0,0,0,0,0,DS,SR,M,3239,2,2
3.9,Private,15,3,0,0,77.5,IA,73,0,0,0,1,1,0,0,0,0,0,1,0,0,0,0,0,DE,N,N,3490,3,2
3.7,Public,5,3,0,0,161.5,MA,240,0,0,0,0,0,0,0,0,0,0,0,0,0,0,0,0,N,SR,M,1345,3,3
3.6,Nonprofit,12,2,1,0,56.5,DE,86,0,0,0,0,0,0,0,0,0,0,0,0,0,0,0,0,N,N,N,2724,0,2
3.4,Public,14,3,0,0,147,NY,73,1,1,1,0,1,0,1,1,1,1,1,0,0,0,0,0,DS,SR,N,4835,0,2
3.5,Public,13,0,0,0,90,CA,24,1,0,0,1,1,0,1,0,1,0,0,1,0,0,0,0,DS,N,N,1231,3,3
4.3,Public,10,3,0,0,58,NJ,119,0,0,1,0,1,0,0,0,0,0,0,0,0,0,0,0,DA,N,N,6600,0,2
4.1,Private,19,3,0,0,61,MO,60,0,0,0,1,1,0,0,0,0,0,0,0,0,0,0,0,DA,N,M,2886,0,2
2.6,School,9,0,0,0,120,PA,37,1,0,0,0,0,0,0,0,0,0,0,0,0,0,0,0,MLE,N,P,2808,0,2
3.6,Public,21,3,0,0,128,NY,277,1,0,0,0,0,0,0,0,0,0,0,0,0,0,0,0,DS,N,N,2041,0,2
3.5,Private,10,2,0,0,99.5,OR,69,1,1,1,1,1,0,1,0,1,1,0,1,0,0,0,0,DS,N,N,4420,0,2
3.6,Private,20,3,0,0,96,MI,24,1,0,0,0,1,1,0,0,0,0,0,0,0,0,0,0,DS,N,M,3342,0,2
2.3,Public,5,2,0,0,101,DC,18,1,0,0,1,1,0,0,0,0,0,0,1,0,0,0,0,DS,N,M,1727,0,1
3.9,Private,10,2,0,0,148,CA,12,1,0,0,0,0,0,0,0,0,0,0,0,0,0,0,0,DS,SR,M,2364,0,1
4,Private,13,2,0,0,142,VA,9,1,0,1,0,1,0,0,0,0,0,0,0,0,0,1,0,DS,SR,N,4637,3,2
4.1,Private,9,0,0,0,169,CA,14,0,0,1,1,1,1,0,0,0,0,0,1,0,0,1,0,DS,SR,M,4743,0,0
3.2,Public,10,3,0,0,124.5,AZ,13,1,0,0,1,1,0,1,0,0,1,0,0,0,0,0,0,N,N,N,1925,3,2
4.7,Private,2,2,0,0,59,AL,25,1,0,0,1,0,0,0,0,0,0,0,0,0,0,0,0,DA,N,N,3088,2,1
4.2,Private,6,1,0,0,52.5,CA,34,1,0,0,0,1,0,0,0,0,0,0,0,0,0,0,0,N,N,N,3849,0,1
4.6,Private,13,2,0,0,75.5,TX,39,0,1,0,0,1,0,0,0,0,0,1,1,1,0,0,0,DE,N,N,2047,0,2
3.7,Public,14,3,0,0,139,NY,158,1,0,0,1,1,0,0,0,0,0,0,0,0,0,0,0,DS,SR,M,4929,3,3
3.7,Public,5,3,0,0,102.5,MA,240,1,1,1,1,1,0,0,0,0,0,1,1,0,0,1,0,DE,N,N,4475,3,3
4.4,Private,6,2,0,0,60.5,SC,92,0,0,0,0,0,0,0,0,0,0,0,0,0,0,0,0,N,N,N,1934,3,1
3.7,Public,14,3,0,0,146.5,MA,169,1,0,0,1,1,1,0,0,0,0,0,0,0,0,0,0,DS,SR,M,5123,0,3
3.9,Subsidiary,5,3,0,0,125,CA,45,0,0,0,1,0,0,0,0,0,0,0,0,0,0,0,0,N,N,P,3965,0,3
3.6,Private,14,3,0,0,81,MA,170,1,0,0,0,1,0,0,0,0,0,0,1,0,0,0,0,DA,SR,N,4898,0,3
3,Private,5,0,0,0,133,IL,6,1,0,1,0,1,0,0,1,1,1,0,0,0,0,0,0,MLE,SR,P,3280,0,2
3.4,Subsidiary,13,3,0,0,77,DC,25,0,0,0,1,1,0,0,0,0,0,0,1,0,0,0,0,DA,N,M,3256,3,3
4.1,Public,6,3,0,0,92,VA,53,0,0,0,0,1,0,0,0,0,0,1,0,0,0,0,0,DE,N,N,3243,0,3
3.8,Public,5,3,0,0,121,MA,25,0,0,0,0,0,0,0,0,0,0,0,0,0,0,0,0,DS,SR,N,1937,0,3
4,Public,13,3,0,0,162.5,CA,39,1,1,0,1,1,0,0,0,0,0,0,0,0,0,0,0,DE,SR,N,2447,0,3
3.9,Nonprofit,6,3,0,0,60,TX,74,0,0,0,0,0,0,0,0,0,0,0,0,0,0,0,0,N,N,N,2026,3,2
-1,Nonprofit,0,0,0,1,87.5,CA,-1,1,0,0,1,1,0,0,0,0,0,0,1,0,0,0,0,N,SR,M,5924,0,1
4.4,Private,13,0,0,0,90.5,IN,6,1,1,0,0,0,0,0,0,0,0,1,0,0,0,0,0,DE,N,N,1868,0,0
3.8,Public,5,3,0,0,114.5,MA,25,1,0,0,0,0,0,0,1,1,0,0,0,0,0,0,0,DS,N,N,5045,0,3
3.8,Public,22,3,0,0,121,CA,25,1,1,0,1,1,0,1,0,1,1,0,0,0,0,1,0,DS,N,M,2327,0,3
2.2,Subsidiary,6,2,0,0,110,TX,28,0,0,0,0,0,0,0,0,0,0,0,1,0,0,0,0,DS,SR,M,6612,3,2
2.9,Public,5,0,0,0,91.5,MA,-1,0,0,0,1,0,0,0,0,0,0,0,0,0,0,0,0,N,N,P,3984,0,1
4.1,Public,6,3,0,0,70.5,VA,53,0,0,0,0,0,0,0,0,0,0,0,0,0,0,0,0,DA,N,N,4755,0,3
3.7,Private,13,0,0,0,70.5,LA,-1,0,0,0,1,1,0,0,0,0,0,0,0,0,0,0,0,DE,N,N,3670,0,2
3.8,Government,19,3,0,0,76.5,WA,56,1,0,0,0,0,0,0,0,0,0,0,0,0,0,0,0,DS,N,P,6411,3,2
3.6,Private,14,3,0,0,92,MA,170,1,1,0,1,0,0,0,0,0,0,0,0,0,0,0,0,DE,N,N,2929,0,3
4.7,Private,5,1,0,0,140.5,UT,8,1,0,1,0,0,0,1,1,1,1,0,0,0,0,0,0,DS,SR,N,4819,0,1
3.5,Private,13,3,0,0,82,VA,52,1,0,0,0,1,0,0,0,0,0,0,0,0,0,0,0,N,N,M,4196,1,2
3.3,Hospital,12,3,0,0,84.5,NY,7,0,0,0,0,0,0,0,0,0,0,0,0,0,0,0,0,N,SR,P,3670,0,3
4.4,Public,5,2,0,0,134.5,MA,8,0,0,0,0,0,0,0,0,0,0,0,0,0,0,0,0,N,SR,P,4438,0,1
3.3,Private,6,0,0,0,164.5,CA,13,0,0,0,0,0,0,0,0,0,0,0,0,0,0,0,0,DS,N,N,1688,0,1
3.4,Public,22,2,0,0,44,FL,30,0,0,0,0,0,0,0,0,0,0,0,0,0,0,0,0,DA,N,M,2290,0,1
4,Private,13,1,0,0,93.5,MD,19,0,0,0,1,0,0,0,0,0,0,0,0,0,0,0,0,N,N,M,4637,0,1
4.4,Private,13,0,0,0,109,VA,6,1,1,0,0,0,0,0,0,0,0,1,0,0,0,0,0,DE,N,N,2353,0,0
3.8,Private,13,0,0,0,149.5,TX,11,0,1,1,0,0,0,0,0,0,0,0,0,0,0,0,0,DE,N,M,3297,3,2
3.5,Private,6,0,0,0,65.5,DC,14,0,1,1,1,1,0,0,0,0,0,0,0,0,0,0,0,DE,N,M,4582,0,2
3.5,Public,14,0,0,0,124.5,NC,4,1,1,0,1,0,0,0,0,0,0,0,0,0,0,0,0,DS,SR,M,3870,0,2
2.9,Private,6,0,0,0,114,CA,23,1,1,0,0,1,0,0,0,0,0,0,1,0,0,0,0,DE,N,M,3333,3,1
3.9,Nonprofit,10,0,0,0,49,PA,84,1,0,0,0,1,0,0,0,0,0,0,1,1,0,0,0,DA,N,N,3971,3,2
3.3,Hospital,12,3,0,0,84.5,NY,7,0,0,0,0,0,0,0,0,0,0,0,0,0,0,0,0,N,SR,P,3627,0,3
3.7,Private,13,2,0,0,71,VA,32,0,0,0,1,1,0,0,0,0,0,0,1,1,0,0,0,DA,N,N,2632,3,2
3.6,Private,14,3,0,0,101,MA,170,0,0,0,0,0,0,0,0,0,0,0,0,0,0,0,0,D,N,N,4425,0,3
3.5,Private,13,3,0,0,107,CA,52,1,1,1,0,0,0,0,0,0,0,1,1,0,0,1,0,DS,N,M,5000,1,2
4.7,Private,5,0,0,0,112.5,MA,47,1,0,0,1,0,0,0,0,0,0,0,0,0,0,0,0,DS,N,N,2161,3,1
3.9,Private,13,1,0,0,181,CA,14,1,1,0,0,1,0,0,0,1,1,0,0,0,0,0,0,MLE,N,N,2015,2,1
3.7,Public,13,3,0,0,61,IL,93,1,1,0,0,1,0,0,0,0,0,1,0,0,0,0,0,DA,N,M,5768,3,3
4.1,Private,13,2,0,0,205,CA,11,1,1,1,0,1,0,0,0,0,0,0,0,0,0,0,0,DE,SR,N,4037,3,1
3.1,Private,15,3,0,0,103.5,KY,146,0,0,0,0,0,0,0,0,0,0,0,0,0,0,0,0,N,N,N,5182,0,3
3.6,Private,14,3,0,0,63,MA,170,0,0,0,1,0,0,0,0,0,0,0,0,0,0,0,0,M,N,M,5647,0,3
3,Public,13,3,0,0,62.5,CT,40,0,0,0,1,0,0,0,0,0,0,0,0,0,0,0,0,N,N,N,3449,3,3
3.5,Private,12,0,0,0,94.5,CA,8,1,1,1,1,1,0,0,0,0,0,1,0,0,0,0,0,DE,N,M,5743,0,2
3.6,Private,4,2,0,0,48.5,CA,35,0,0,0,1,1,1,0,0,0,0,0,1,0,0,0,1,DA,N,M,4608,0,2
3.5,Private,5,3,0,0,154.5,MA,11,1,0,0,1,0,0,0,0,0,0,0,0,0,0,0,0,N,SR,P,4517,3,2
4,Hospital,12,2,1,0,44.5,TX,44,0,0,1,0,0,0,0,0,0,0,0,0,0,0,0,0,N,N,N,5160,0,2
3.7,Public,10,3,0,0,87,KS,48,1,0,0,1,1,0,0,0,0,0,1,0,0,0,0,0,MLE,N,N,2860,0,2
2.4,Private,15,2,0,0,52.5,IL,-1,0,0,0,0,0,0,0,0,0,0,0,0,0,0,0,0,N,N,N,2433,0,2
3.2,Private,6,0,0,0,64.5,NY,18,1,0,1,1,1,0,0,0,0,0,0,0,0,0,0,0,DE,N,N,2926,3,2
2.1,Public,5,2,0,0,111.5,CA,-1,0,0,0,1,0,0,0,0,0,0,0,0,0,0,0,0,N,N,P,4300,0,1
3.7,Public,5,3,0,0,154.5,MA,240,0,1,1,1,1,0,0,0,0,0,1,0,0,0,1,0,DE,N,M,6817,3,3
2.6,School,9,0,0,0,124,PA,37,0,0,0,0,0,0,0,0,0,0,0,0,0,0,0,0,MLE,SR,P,5379,0,2
4.4,Private,6,2,0,0,128.5,IL,13,1,0,1,1,1,0,0,0,0,0,1,1,0,0,0,0,DS,SR,N,3160,0,1
3.7,Hospital,12,2,1,0,65,CO,55,0,0,0,0,0,0,0,0,0,0,0,0,0,0,0,0,N,N,N,1945,0,2
3.5,Nonprofit,12,3,0,0,64,CA,25,0,0,0,0,1,0,0,0,0,0,0,1,0,0,0,0,M,N,N,3846,0,2
3,Private,21,3,0,0,98,TN,63,1,0,0,0,1,0,0,0,0,0,0,0,0,0,0,0,DE,SR,M,2133,3,3
4.2,Private,13,0,0,0,142.5,CA,11,0,0,0,0,0,0,0,0,0,0,0,0,0,0,0,0,DS,N,M,3833,0,1
3.9,Public,5,3,0,0,137,NY,108,1,0,0,0,0,0,0,0,0,0,0,0,0,0,0,0,DS,SR,P,3169,3,3
4,Nonprofit,14,3,0,0,99,CO,106,1,0,1,0,1,0,0,0,0,0,0,0,0,0,0,0,DE,N,M,4701,0,2
3.3,Private,15,0,0,0,54,WI,57,0,0,0,0,0,0,0,0,0,0,0,0,0,0,0,0,N,N,N,2832,0,2
4.4,Private,13,3,0,0,139.5,MA,37,1,0,0,0,1,0,0,0,0,0,0,1,1,0,0,0,DS,SR,M,2518,0,2
3.4,Private,13,2,0,0,109,MD,22,0,0,1,0,0,0,0,0,0,0,0,0,0,0,0,0,DE,N,M,3677,0,1
3.3,Private,14,3,0,0,254,IL,109,1,0,0,0,0,1,0,0,0,0,0,0,0,0,0,0,D,N,M,4471,3,3
2.9,Subsidiary,5,0,0,0,73,CA,9,0,0,0,0,0,0,0,0,0,0,0,0,0,0,0,0,N,N,P,3725,3,1
2.7,Private,5,2,0,0,81,MD,60,0,0,0,1,0,0,0,0,0,0,0,0,0,0,0,0,N,N,P,3776,0,1
3.6,Nonprofit,12,2,1,0,56.5,DE,86,0,0,0,0,0,0,0,0,0,0,0,0,0,0,0,0,N,N,N,2801,0,2
3.1,Private,15,3,0,0,99.5,NC,146,0,0,0,1,0,0,0,0,0,0,0,0,0,0,0,0,N,N,N,7121,0,3
3.3,Private,14,3,0,0,45.5,OH,32,0,0,0,0,0,0,0,0,0,0,0,0,0,0,0,0,DA,N,N,2867,0,2
4.5,Private,6,2,0,0,122.5,IN,25,1,1,1,0,1,0,0,0,0,0,1,0,0,0,1,0,DE,SR,N,2311,0,1
3.9,Public,10,3,0,0,140,IL,53,1,0,0,1,1,1,0,0,0,0,0,0,0,0,0,0,DS,SR,N,5338,0,3
3.2,Nonprofit,11,3,0,0,77.5,VA,63,0,0,0,0,0,0,0,0,0,0,0,0,0,0,0,0,N,SR,P,3243,3,3
3.3,Private,7,0,1,1,55,MA,45,0,0,0,1,0,0,0,0,0,0,0,0,0,0,0,0,N,N,N,1848,0,0
3.1,Private,15,3,0,0,117.5,NC,146,0,0,0,1,0,0,0,0,0,0,0,0,0,0,0,0,N,SR,M,7361,0,3
2.4,Private,5,2,0,0,70.5,CA,15,0,0,0,0,0,0,0,0,0,0,0,0,0,0,0,0,N,N,M,3374,0,2
4.8,Private,13,2,0,0,61.5,CA,10,0,0,0,1,1,0,0,0,0,0,0,1,0,0,0,0,M,N,N,3693,0,1
2.9,Private,5,0,0,0,70,NY,6,0,0,0,1,0,0,0,0,0,0,0,0,0,0,0,0,N,N,N,4707,0,2
2.9,Private,5,0,0,0,80,GA,6,0,0,0,1,0,0,0,0,0,0,0,0,0,0,0,0,N,SR,N,4613,0,2
3.4,Private,14,2,0,0,90,MA,33,0,1,0,1,1,0,0,0,0,0,1,0,0,0,0,0,DE,N,N,2752,0,2
-1,Private,0,0,0,1,120,MA,-1,0,0,0,1,0,0,0,0,0,0,0,0,0,0,0,0,N,N,P,3309,0,0
2.6,School,9,0,0,0,73.5,PA,37,0,0,0,1,0,0,0,0,0,0,0,0,0,0,0,0,N,N,P,3078,0,2
3.8,Subsidiary,6,0,0,0,91,FL,37,1,0,0,1,1,0,0,0,0,0,1,1,0,0,0,0,DS,N,N,2915,0,2
5,Private,13,0,0,1,155,DC,-1,0,0,1,1,0,0,0,0,0,0,0,0,0,0,0,0,DS,N,N,3213,0,0
3.6,Private,14,3,0,0,129.5,MA,170,1,1,1,1,1,0,0,0,0,0,1,1,1,0,0,0,N,N,N,4624,0,3
4,Public,5,3,0,0,167.5,NY,172,0,0,1,1,0,0,0,0,0,0,0,0,0,0,0,0,DS,SR,M,4914,0,3
3.8,Public,10,3,0,0,60,WI,151,0,0,1,1,0,0,0,0,0,0,0,0,0,0,0,0,DA,N,N,4103,3,2
3.9,Private,10,2,0,0,180,CA,12,1,0,0,1,1,0,0,0,0,0,0,0,0,0,0,0,DS,SR,M,3199,0,1
3.8,Private,24,3,0,0,65,NY,19,0,0,0,1,1,1,0,0,0,0,0,0,0,0,0,0,DA,N,N,2501,3,2
4.3,Private,13,3,0,0,112.5,NC,31,1,1,1,0,0,0,0,0,0,0,1,0,0,1,0,0,DE,SR,N,4577,3,3
1.9,Private,21,2,0,0,87.5,NY,11,1,0,0,1,1,0,0,0,0,0,0,0,0,0,0,1,DA,SR,N,4537,3,1
3.3,Private,14,3,0,0,51.5,IN,109,1,0,0,1,1,0,0,0,0,0,0,0,1,0,0,0,N,N,M,4323,3,3
4.7,Private,6,1,0,0,51,CA,49,0,0,0,1,0,0,0,0,0,0,0,0,0,0,0,0,N,N,N,4223,0,1
3.1,Private,10,3,0,0,62.5,MA,165,1,0,0,1,1,1,0,0,0,0,0,0,0,0,0,0,N,N,M,3325,0,3
3.4,Public,12,0,0,0,100,AZ,40,0,0,0,0,1,0,0,0,0,0,1,0,0,0,0,0,DE,SR,N,3889,0,2
4.4,Private,13,0,0,0,85,VA,17,1,1,1,0,0,0,0,0,0,0,1,0,0,0,0,0,DE,N,N,2869,0,1
3.9,Private,13,0,0,0,122,FL,9,1,0,1,0,0,0,0,0,0,0,0,0,0,0,0,0,DS,SR,M,5647,0,1
3.9,Private,13,2,0,0,66.5,IL,26,1,0,0,0,1,1,0,0,0,0,0,1,1,0,0,0,N,N,M,4759,0,2
4.7,Private,10,0,0,0,70.5,MO,19,0,1,0,1,1,0,0,0,0,0,1,1,0,0,1,0,N,N,N,2708,0,2
4.7,Private,6,1,0,0,138.5,TX,11,1,1,0,0,1,0,0,0,0,1,0,0,0,0,0,0,DE,SR,N,4854,0,1
3.4,Private,6,2,0,0,107.5,MA,78,0,1,0,1,1,0,0,0,0,0,1,1,0,0,1,0,DS,N,N,8761,3,2
3.8,Public,5,2,0,0,120.5,MA,13,0,0,0,0,0,1,0,0,0,0,0,0,0,0,0,0,N,N,M,2683,0,2
2.7,Private,5,2,0,0,81,MD,60,0,0,0,0,0,0,0,0,0,0,0,0,0,0,0,0,N,N,N,4740,0,1
3.1,Private,15,3,0,0,103.5,KY,146,0,0,0,0,0,0,0,0,0,0,0,0,0,0,0,0,N,N,N,5169,0,3
3.4,Public,23,3,0,0,107.5,IL,16,0,0,0,0,1,0,0,0,0,0,0,0,0,0,0,0,DE,SR,N,4288,3,2
4,Private,13,0,0,0,162,CA,14,1,1,1,1,0,0,0,0,0,0,1,0,0,0,0,0,DE,SR,N,3978,2,2
3.5,Private,13,3,0,0,68.5,CA,52,1,1,0,1,0,0,0,1,1,1,0,0,0,0,0,0,N,N,M,3413,1,2
3.4,Public,14,3,0,0,110.5,OH,43,0,0,0,1,1,0,0,1,0,1,0,0,0,0,0,0,DS,SR,N,1735,3,3
3.7,Public,15,3,0,0,81,IL,96,0,0,0,0,0,0,0,0,0,0,0,1,0,0,0,0,DS,N,N,2739,3,3
4.3,Public,20,3,0,0,130,IL,28,1,1,0,1,1,0,0,0,1,0,1,1,1,0,0,0,DS,SR,M,9120,3,2
3.7,Subsidiary,14,2,0,0,115.5,IA,-1,1,0,0,1,1,0,0,0,0,0,0,1,0,0,0,0,DE,SR,N,6569,0,1
3.8,Government,19,3,0,0,80.5,WA,56,0,0,0,0,0,0,0,1,0,1,0,0,0,0,0,0,DS,SR,M,5188,3,2
4.6,Private,10,2,0,0,43,IA,29,0,0,0,1,1,0,0,0,0,0,0,1,0,0,0,0,DA,N,N,4328,0,2
4.4,Public,5,0,0,0,140,MA,18,0,0,0,1,0,0,0,0,0,0,0,0,0,0,0,0,D,N,P,5449,0,1
-1,Private,0,0,0,1,120,MA,-1,0,0,0,0,0,0,0,0,0,0,0,0,0,0,0,0,N,SR,P,3214,0,0
3,Private,14,3,0,0,66.5,PA,38,0,0,0,1,1,1,0,0,0,0,0,1,0,0,0,0,DA,SR,M,3766,3,3
4.7,Private,6,1,0,0,94.5,CA,15,1,0,1,0,0,0,0,0,0,0,0,0,0,0,0,0,DE,SR,N,1504,0,1
3.8,Government,19,3,0,0,119,WA,56,0,0,0,0,0,0,0,1,0,1,0,0,0,0,0,0,DS,SR,M,5186,3,2
3.2,Nonprofit,12,3,1,0,51.5,NE,25,0,0,0,0,0,0,0,0,0,0,0,0,0,0,0,0,N,N,N,1844,2,3
2.7,Public,10,3,1,0,27.5,TN,21,0,0,0,1,0,0,0,0,0,0,0,1,0,0,0,0,DA,SR,N,4299,0,3
3.3,Private,14,3,0,0,194.5,IL,109,1,0,0,0,0,1,0,0,0,0,0,0,0,0,0,0,D,N,P,3935,3,3
3.9,Nonprofit,6,3,0,0,71.5,TX,74,1,0,1,1,1,0,0,0,0,0,0,0,0,0,0,0,N,SR,N,2332,3,2
3.7,School,9,0,0,0,105.5,TX,-1,1,0,1,0,0,0,1,1,1,1,0,0,0,0,0,0,DS,N,N,8734,0,2
3.1,Private,15,3,0,0,74,NC,146,0,0,0,1,0,0,0,0,0,0,0,0,0,0,0,0,N,SR,M,6034,0,3
3.7,Public,2,3,0,0,62.5,AL,99,0,0,0,1,0,0,0,0,0,0,0,0,0,0,0,0,DA,N,N,4774,0,3
4.3,Nonprofit,6,3,0,0,65.5,NC,63,0,0,0,0,0,0,0,0,0,0,0,0,0,0,0,0,N,SR,P,2222,3,2
3.6,Private,6,0,0,0,161.5,NJ,32,1,0,1,1,1,0,0,0,0,0,0,1,1,0,0,0,D,N,N,5121,0,2
2.1,Other,5,2,0,0,72.5,PA,18,0,0,0,1,1,0,0,0,0,0,0,1,0,0,0,0,DA,SR,N,1359,2,2
3.9,Public,13,1,0,0,139,CA,13,1,0,1,1,0,0,0,0,0,0,0,0,0,0,0,0,DE,SR,N,4915,0,1
3.9,Private,13,1,0,0,136.5,CA,14,0,0,0,0,1,0,0,0,0,0,0,0,0,0,0,0,DE,SR,N,3466,2,1
3.8,Private,24,3,0,0,74.5,NY,19,1,1,0,0,0,0,0,0,0,0,0,0,0,0,0,0,DS,N,N,3172,3,2
3.1,Private,15,3,0,0,80.5,NC,146,0,0,0,1,0,0,0,0,0,0,0,0,0,0,0,0,N,SR,M,5749,0,3
3.5,Public,5,3,0,0,75.5,NM,151,1,0,0,1,0,0,0,0,0,0,0,0,0,0,0,0,DS,N,M,3543,0,3
4.7,Private,13,0,0,0,143.5,MO,5,1,1,0,0,1,0,1,0,1,1,0,0,0,0,0,0,DS,N,N,5020,2,1
5,Private,2,1,0,0,101,VA,7,1,0,0,0,1,1,0,0,0,0,0,0,0,0,0,0,DS,N,N,2711,0,1
3.6,Private,14,3,0,0,92,MA,170,1,1,0,1,0,0,0,0,0,0,0,0,0,0,0,0,DE,N,N,2929,0,3
3.8,Government,19,3,0,0,76.5,WA,56,1,0,0,0,0,0,0,0,0,0,0,0,0,0,0,0,DS,N,P,6411,3,2
4.7,Private,5,1,0,0,140.5,UT,8,1,0,1,0,0,0,1,1,1,1,0,0,0,0,0,0,DS,SR,N,4819,0,1
3.6,Public,10,3,0,0,116.5,NJ,209,0,0,0,1,1,0,0,0,0,0,0,0,0,0,0,0,DS,N,N,3948,0,3
4.7,Subsidiary,13,0,0,0,232.5,CA,22,1,0,0,0,1,0,0,0,1,0,0,0,0,0,0,0,MLE,SR,P,3855,0,2
3.5,Private,13,0,0,0,120.5,CA,5,1,0,0,0,1,0,0,0,0,0,0,0,0,0,0,0,DS,N,P,2288,0,1
3.5,Private,13,3,0,0,82,VA,52,1,0,0,0,1,0,0,0,0,0,0,0,0,0,0,0,N,N,M,4196,1,2
3.3,Hospital,12,3,0,0,84.5,NY,7,0,0,0,0,0,0,0,0,0,0,0,0,0,0,0,0,N,SR,P,3670,0,3
2.7,Public,13,0,0,0,153,CA,14,1,1,1,0,1,0,1,1,0,1,0,0,0,0,0,0,DS,N,P,6995,0,3
3.4,Private,13,0,0,0,127,CA,13,1,1,0,0,1,0,0,0,0,0,1,0,0,0,0,0,DS,N,M,3362,0,2
4.7,Private,13,0,0,0,85.5,CA,11,1,1,0,1,1,0,0,0,1,1,1,0,0,0,0,0,DS,N,P,3740,0,1
2.8,Public,6,3,0,0,76.5,NY,45,1,0,0,1,1,1,0,0,0,0,0,1,0,0,0,0,DS,N,N,3000,0,2
3.5,Subsidiary,16,3,0,0,128,NY,29,1,1,0,0,1,0,1,0,1,1,1,1,0,0,1,1,DS,N,N,4140,3,2
3.2,Private,6,1,0,0,91.5,PA,-1,1,1,1,1,1,0,0,0,0,0,1,0,0,0,0,0,DE,N,N,1484,0,0
4.4,Public,5,2,0,0,134.5,MA,8,0,0,0,0,0,0,0,0,0,0,0,0,0,0,0,0,N,SR,P,4438,0,1
3.3,Private,6,0,0,0,164.5,CA,13,0,0,0,0,0,0,0,0,0,0,0,0,0,0,0,0,DS,N,N,1688,0,1
4,Private,13,1,0,0,93.5,MD,19,0,0,0,1,0,0,0,0,0,0,0,0,0,0,0,0,N,N,M,4637,0,1
3.4,Public,22,2,0,0,44,FL,30,0,0,0,0,0,0,0,0,0,0,0,0,0,0,0,0,DA,N,M,2290,0,1
3.8,Private,13,0,0,0,149.5,TX,11,0,1,1,0,0,0,0,0,0,0,0,0,0,0,0,0,DE,N,M,3297,3,2
3.5,Private,6,0,0,0,65.5,DC,14,0,1,1,1,1,0,0,0,0,0,0,0,0,0,0,0,DE,N,M,4582,0,2
4.4,Private,13,0,0,0,109,VA,6,1,1,0,0,0,0,0,0,0,0,1,0,0,0,0,0,DE,N,N,2353,0,0
3.7,Subsidiary,13,2,0,0,177,CA,33,1,1,1,0,1,0,0,0,0,0,1,0,0,1,1,0,DE,N,P,3218,3,2
4.7,Private,2,2,0,0,107,VA,11,1,1,0,1,1,0,0,1,1,1,1,0,0,0,0,0,DS,N,P,3703,0,1
4.1,Private,13,0,0,0,154.5,CA,9,1,1,0,1,0,0,0,0,0,1,0,0,0,1,0,0,DS,N,P,4203,3,2
4,Private,1,1,0,0,113.5,CA,-1,1,1,0,0,1,0,0,0,0,0,0,0,0,0,0,0,DS,N,N,1034,0,0
3.5,Public,14,0,0,0,124.5,NC,4,1,1,0,1,0,0,0,0,0,0,0,0,0,0,0,0,DS,SR,M,3870,0,2
2.5,Private,5,0,0,0,143.5,CA,-1,1,0,0,1,1,0,0,0,0,0,0,0,0,0,0,0,DS,N,P,3885,1,0
3.9,Private,13,1,0,0,113.5,CA,-1,1,0,0,0,1,0,0,0,0,0,0,0,0,0,0,0,DS,N,M,2759,0,0
3.4,Public,2,3,0,0,101.5,VA,52,1,0,1,0,0,0,0,1,0,1,0,0,0,0,0,0,DS,N,M,2882,0,3
3.6,Subsidiary,15,3,0,0,73,NY,86,0,0,1,1,1,0,0,0,0,0,0,1,1,0,0,0,DA,N,N,6513,3,3
3.5,Public,6,3,0,0,80.5,NY,5,1,0,1,0,1,0,0,0,0,0,0,0,0,0,0,0,DS,N,M,6438,2,3
-1,Private,0,0,0,0,110.5,NY,-1,1,0,0,0,1,0,0,0,0,1,0,0,0,0,0,0,DS,N,M,1838,0,0
2.9,Private,6,0,0,0,114,CA,23,1,1,0,0,1,0,0,0,0,0,0,1,0,0,0,0,DE,N,M,3333,3,1
3.5,Private,8,1,0,0,139.5,CA,-1,1,0,0,0,1,0,0,0,0,0,0,0,0,0,0,0,DS,N,N,1131,0,1
4.8,Private,13,0,0,0,145.5,NY,10,1,0,0,1,1,0,0,0,0,0,0,1,0,0,0,0,DS,N,N,2145,0,0
4,Private,10,2,0,0,87,NY,14,0,0,0,1,0,0,0,0,0,0,0,0,0,0,0,0,DS,N,N,2496,3,1
4.2,Private,10,2,0,0,100.5,MA,136,0,0,0,1,1,0,0,0,0,0,0,0,0,0,0,0,DS,N,M,5013,0,1
3.8,Public,13,3,0,0,147,NY,54,1,1,0,1,1,1,0,0,1,0,1,0,0,0,1,0,DS,N,M,5478,3,3
3.7,Private,14,2,0,0,110.5,NY,107,1,0,0,1,1,0,0,0,0,0,0,0,0,0,0,0,DE,N,M,1506,3,1
3.9,Nonprofit,10,0,0,0,49,PA,84,1,0,0,0,1,0,0,0,0,0,0,1,1,0,0,0,DA,N,N,3971,3,2
4.6,Private,6,1,0,0,94,MA,-1,1,1,1,0,1,0,0,0,0,0,1,1,1,0,0,0,DS,N,M,2956,0,1
4.3,Public,13,3,0,0,123.5,NY,22,1,0,1,0,1,0,0,0,0,0,0,0,0,0,0,0,DS,SR,M,4816,1,2
3.3,Hospital,12,3,0,0,84.5,NY,7,0,0,0,0,0,0,0,0,0,0,0,0,0,0,0,0,N,SR,P,3627,0,3
3.7,Private,13,2,0,0,71,VA,32,0,0,0,1,1,0,0,0,0,0,0,1,1,0,0,0,DA,N,N,2632,3,2
4,Public,13,0,0,0,73,OR,82,0,0,0,0,1,0,0,0,0,0,0,0,0,0,0,0,DE,N,M,2195,0,3
3.6,Private,14,3,0,0,101,MA,170,0,0,0,0,0,0,0,0,0,0,0,0,0,0,0,0,D,N,N,4425,0,3
3.9,Private,13,1,0,0,181,CA,14,1,1,0,0,1,0,0,0,1,1,0,0,0,0,0,0,MLE,N,N,2015,2,1
3.7,Public,2,3,0,0,109.5,CA,82,0,0,0,1,1,0,0,0,0,0,0,1,0,0,0,0,DS,N,N,4448,0,3
3.7,Public,13,3,0,0,184.5,WA,63,1,0,0,1,1,1,0,0,0,0,0,1,0,0,0,0,DS,SR,N,7286,3,3
3.9,Private,13,0,0,0,165,NY,7,1,0,0,0,0,0,0,0,1,0,1,0,0,0,0,0,DS,SR,M,4815,0,1
3.7,Public,13,3,0,0,61,IL,93,1,1,0,0,1,0,0,0,0,0,1,0,0,0,0,0,DA,N,M,5768,3,3
4.1,Private,13,2,0,0,205,CA,11,1,1,1,0,1,0,0,0,0,0,0,0,0,0,0,0,DE,SR,N,4037,3,1
3.1,School,9,2,0,0,59.5,NY,15,1,0,0,1,1,0,0,0,0,0,0,0,0,0,0,0,DA,N,N,4348,0,2
3.1,Private,15,3,0,0,103.5,KY,146,0,0,0,0,0,0,0,0,0,0,0,0,0,0,0,0,N,N,N,5182,0,3
3,Public,13,3,0,0,62.5,CT,40,0,0,0,1,0,0,0,0,0,0,0,0,0,0,0,0,N,N,N,3449,3,3
3.6,Private,14,3,0,0,63,MA,170,0,0,0,1,0,0,0,0,0,0,0,0,0,0,0,0,M,N,M,5647,0,3
3.6,Private,12,1,0,0,66,NY,41,0,0,0,1,0,0,0,0,0,0,0,0,0,0,0,0,DA,N,N,2292,2,0
3.5,Private,12,0,0,0,94.5,CA,8,1,1,1,1,1,0,0,0,0,0,1,0,0,0,0,0,DE,N,M,5743,0,2
4.2,Private,9,0,0,0,75.5,NY,9,1,0,1,0,1,0,0,0,0,0,1,1,0,0,0,0,DS,N,N,4341,3,1
4,Public,2,2,0,0,87,VA,67,1,0,0,0,0,0,0,0,0,0,0,0,0,0,0,0,MLE,N,N,3127,2,2
3.9,Public,5,3,0,0,140,MD,108,1,0,0,1,0,0,0,0,0,0,0,0,0,0,0,0,DS,SR,P,4572,3,3
3.7,Private,13,2,0,0,86,MD,15,1,0,0,1,0,1,0,0,0,0,0,0,0,0,0,0,DS,N,M,6626,0,1
4.4,Private,13,0,0,0,116.5,CA,9,1,0,0,0,1,0,0,0,0,0,0,0,0,0,0,0,DS,SR,M,1211,0,0
3.5,Private,5,3,0,0,154.5,MA,11,1,0,0,1,0,0,0,0,0,0,0,0,0,0,0,0,N,SR,P,4517,3,2
3.7,Public,10,3,0,0,87,KS,48,1,0,0,1,1,0,0,0,0,0,1,0,0,0,0,0,MLE,N,N,2860,0,2
3.6,Private,4,2,0,0,48.5,CA,35,0,0,0,1,1,1,0,0,0,0,0,1,0,0,0,1,DA,N,M,4608,0,2
3.4,Private,13,3,0,0,80,TX,19,1,1,0,1,1,0,0,0,0,0,1,0,0,0,0,0,DE,N,N,7802,3,2
4,Hospital,12,2,1,0,44.5,TX,44,0,0,1,0,0,0,0,0,0,0,0,0,0,0,0,0,N,N,N,5160,0,2
2.4,Private,15,2,0,0,52.5,IL,-1,0,0,0,0,0,0,0,0,0,0,0,0,0,0,0,0,N,N,N,2433,0,2
3.7,Public,2,3,0,0,173,CA,82,1,0,0,0,0,0,0,0,0,0,0,0,0,0,0,0,DS,SR,M,5884,0,3
3.5,Private,5,0,0,0,68.5,AZ,24,1,1,0,0,0,0,0,0,0,0,0,0,0,0,0,0,DE,N,N,1230,3,2
4.4,Private,10,0,0,0,172,NY,20,0,0,0,0,0,0,0,0,0,0,0,0,0,0,0,0,DS,N,P,3222,0,2
3.3,Private,14,3,0,0,114.5,MA,109,1,0,0,0,0,0,0,0,0,0,0,0,0,0,0,0,DS,N,N,4244,3,3
3.9,Public,5,3,0,0,95,MD,108,0,0,0,0,0,0,0,0,0,0,0,0,0,0,0,0,N,SR,P,3110,3,3
3.2,Nonprofit,11,3,0,0,69.5,MA,63,1,0,0,1,1,1,0,0,0,0,0,1,0,0,1,0,DS,N,N,4478,3,3
3.2,Private,6,0,0,0,64.5,NY,18,1,0,1,1,1,0,0,0,0,0,0,0,0,0,0,0,DE,N,N,2926,3,2
2.1,Public,5,2,0,0,111.5,CA,-1,0,0,0,1,0,0,0,0,0,0,0,0,0,0,0,0,N,N,P,4300,0,1
4,Private,8,0,0,0,97.5,NY,14,1,0,0,1,1,0,0,0,0,0,0,0,0,0,0,0,DS,N,N,3431,2,2
3.7,Public,5,3,0,0,154.5,MA,240,0,1,1,1,1,0,0,0,0,0,1,0,0,0,1,0,DE,N,M,6817,3,3
2.6,School,9,0,0,0,124,PA,37,0,0,0,0,0,0,0,0,0,0,0,0,0,0,0,0,MLE,SR,P,5379,0,2
3.4,Private,12,0,0,0,95,NY,10,1,1,1,0,1,0,0,0,0,0,0,1,0,0,0,0,DS,N,N,3111,2,1
4.4,Private,6,2,0,0,128.5,IL,13,1,0,1,1,1,0,0,0,0,0,1,1,0,0,0,0,DS,SR,N,3160,0,1
3.2,Subsidiary,13,0,0,0,194,CA,15,0,0,1,1,0,0,0,0,0,0,0,0,0,0,0,0,DS,SR,N,4847,3,2
3.5,Public,6,0,0,0,104.5,NY,16,1,1,1,1,1,0,0,0,0,0,0,0,0,0,0,0,DS,N,M,4134,0,1
3.7,Hospital,12,2,1,0,65,CO,55,0,0,0,0,0,0,0,0,0,0,0,0,0,0,0,0,N,N,N,1945,0,2
4.2,Private,13,0,0,0,85.5,NC,13,1,0,0,1,1,0,0,0,0,0,1,0,0,0,0,0,DE,N,N,5192,0,1
4.2,Nonprofit,18,0,0,0,50,UT,-1,0,0,1,1,1,0,0,0,0,0,0,0,0,0,0,0,DA,N,N,4525,0,3
3.1,Public,16,3,0,0,113,CA,24,1,1,1,1,1,0,0,0,0,0,0,0,0,0,1,0,DE,N,N,2421,3,2
3.9,Public,5,3,0,0,90.5,MA,191,0,0,1,0,0,0,0,0,0,0,0,0,0,0,0,0,N,N,M,5838,3,3
4.3,Private,13,0,0,0,153,CA,13,1,1,0,1,0,0,0,0,0,0,0,0,0,0,0,0,DS,SR,N,2095,1,1
3.3,Public,6,3,0,0,123.5,CA,33,0,0,0,1,1,1,0,0,0,0,0,1,0,0,1,0,DA,N,M,7383,3,2
3.9,Private,13,1,0,0,47,NY,11,0,1,0,0,1,0,0,0,0,0,0,0,0,0,0,0,DA,SR,N,2460,0,1
3.5,Nonprofit,12,3,0,0,64,CA,25,0,0,0,0,1,0,0,0,0,0,0,1,0,0,0,0,M,N,N,3846,0,2
4,Public,13,3,0,0,162,CA,39,1,0,0,1,1,0,0,0,0,0,1,1,1,0,0,0,N,N,M,3864,2,3
3.9,Public,5,3,0,0,137,NY,108,1,0,0,0,0,0,0,0,0,0,0,0,0,0,0,0,DS,SR,P,3169,3,3
3,Private,21,3,0,0,98,TN,63,1,0,0,0,1,0,0,0,0,0,0,0,0,0,0,0,DE,SR,M,2133,3,3
3.7,Public,14,3,0,0,115,NY,158,1,0,0,1,1,0,0,0,0,0,0,0,0,0,0,0,DS,N,M,4734,3,3
3.5,Public,5,3,0,0,133.5,CO,151,1,0,0,1,0,0,0,0,0,0,0,0,0,0,0,0,DS,SR,M,3555,0,3
4,Nonprofit,14,3,0,0,99,CO,106,1,0,1,0,1,0,0,0,0,0,0,0,0,0,0,0,DE,N,M,4701,0,2
3.3,Private,15,0,0,0,54,WI,57,0,0,0,0,0,0,0,0,0,0,0,0,0,0,0,0,N,N,N,2832,0,2
3.2,Private,12,0,0,0,109,TN,17,0,0,1,1,0,0,0,0,0,0,1,0,0,0,0,0,DE,SR,N,1793,0,2
3.4,Private,13,2,0,0,109,MD,22,0,0,1,0,0,0,0,0,0,0,0,0,0,0,0,0,DE,N,M,3677,0,1
4.4,Private,13,3,0,0,139.5,MA,37,1,0,0,0,1,0,0,0,0,0,0,1,1,0,0,0,DS,SR,M,2518,0,2
3.3,Private,14,3,0,0,254,IL,109,1,0,0,0,0,1,0,0,0,0,0,0,0,0,0,0,D,N,M,4471,3,3
3.2,Private,13,0,0,0,125,NY,46,1,0,1,1,1,0,0,1,0,1,0,0,0,0,0,0,MLE,N,M,3516,3,2
3.8,Public,5,3,0,0,106.5,MA,25,1,0,0,0,1,1,0,0,0,0,0,1,1,0,0,0,N,SR,M,4033,0,3
2.9,Subsidiary,5,0,0,0,73,CA,9,0,0,0,0,0,0,0,0,0,0,0,0,0,0,0,0,N,N,P,3725,3,1
2.7,Private,5,2,0,0,81,MD,60,0,0,0,1,0,0,0,0,0,0,0,0,0,0,0,0,N,N,P,3776,0,1
3.6,Nonprofit,12,2,1,0,56.5,DE,86,0,0,0,0,0,0,0,0,0,0,0,0,0,0,0,0,N,N,N,2801,0,2
3.1,Private,15,3,0,0,99.5,NC,146,0,0,0,1,0,0,0,0,0,0,0,0,0,0,0,0,N,N,N,7121,0,3
3.3,Private,14,3,0,0,45.5,OH,32,0,0,0,0,0,0,0,0,0,0,0,0,0,0,0,0,DA,N,N,2867,0,2
3.7,Public,14,3,0,0,54,MA,169,0,0,0,0,1,0,0,0,0,0,0,0,0,0,0,0,DA,N,N,3783,0,3
4.5,Private,6,2,0,0,122.5,IN,25,1,1,1,0,1,0,0,0,0,0,1,0,0,0,1,0,DE,SR,N,2311,0,1
3,Subsidiary,13,2,0,0,37.5,FL,44,0,0,0,1,1,0,0,0,0,0,0,0,0,0,0,0,DA,N,M,6175,3,2
3.8,Private,24,3,0,0,53.5,NY,19,1,0,0,1,1,0,0,0,0,0,0,0,1,0,0,1,DA,N,M,2479,3,2
3.9,Public,10,3,0,0,140,IL,53,1,0,0,1,1,1,0,0,0,0,0,0,0,0,0,0,DS,SR,N,5338,0,3
3.2,Nonprofit,11,3,0,0,77.5,VA,63,0,0,0,0,0,0,0,0,0,0,0,0,0,0,0,0,N,SR,P,3243,3,3
3.3,Private,7,0,1,1,55,MA,45,0,0,0,1,0,0,0,0,0,0,0,0,0,0,0,0,N,N,N,1848,0,0
3.1,Private,15,3,0,0,117.5,NC,146,0,0,0,1,0,0,0,0,0,0,0,0,0,0,0,0,N,SR,M,7361,0,3
2.4,Private,5,2,0,0,70.5,CA,15,0,0,0,0,0,0,0,0,0,0,0,0,0,0,0,0,N,N,M,3374,0,2
2.9,Private,5,0,0,0,70,NY,6,0,0,0,1,0,0,0,0,0,0,0,0,0,0,0,0,N,N,N,4707,0,2
4.8,Private,13,2,0,0,61.5,CA,10,0,0,0,1,1,0,0,0,0,0,0,1,0,0,0,0,M,N,N,3693,0,1
2.9,Private,5,0,0,0,80,GA,6,0,0,0,1,0,0,0,0,0,0,0,0,0,0,0,0,N,SR,N,4613,0,2
4.7,Private,13,2,0,0,79.5,GA,18,1,0,0,1,1,0,1,1,1,0,0,0,0,0,0,0,DS,N,N,3081,0,1
4.7,Private,13,2,0,0,168,CA,7,1,0,0,1,1,0,0,0,0,0,0,1,0,0,0,0,DS,N,N,3939,0,2
3.4,Private,14,2,0,0,90,MA,33,0,1,0,1,1,0,0,0,0,0,1,0,0,0,0,0,DE,N,N,2752,0,2
-1,Private,0,0,0,1,120,MA,-1,0,0,0,1,0,0,0,0,0,0,0,0,0,0,0,0,N,N,P,3309,0,0
3.9,Public,13,0,0,0,138.5,CA,13,1,0,0,0,1,0,0,0,0,0,0,1,0,0,0,0,DA,SR,N,5717,0,1
3.6,Public,5,3,0,0,111.5,PA,4,0,0,0,0,0,0,0,0,0,0,0,0,0,0,0,0,N,SR,M,5025,3,3
3.6,Private,14,3,0,0,68.5,MA,170,0,0,0,1,0,0,0,0,0,0,0,0,0,0,0,0,M,N,M,5016,0,3
3.9,Public,5,3,0,0,84.5,MA,191,0,0,1,0,0,0,0,0,0,0,0,0,0,0,0,0,N,SR,M,6162,3,3
4.4,Public,13,2,0,0,102.5,TN,15,1,1,1,0,1,0,0,0,0,0,1,0,0,0,0,0,DE,SR,N,6130,3,2
2.6,School,9,0,0,0,73.5,PA,37,0,0,0,1,0,0,0,0,0,0,0,0,0,0,0,0,N,N,P,3078,0,2
3.6,Nonprofit,11,2,0,0,93.5,OH,54,1,0,0,0,0,0,0,0,0,0,0,0,0,0,0,0,N,N,M,3673,0,2
3.2,Private,6,1,0,0,127.5,PA,-1,0,0,0,1,0,0,0,0,0,0,0,0,0,0,0,0,M,N,N,1642,0,0
4.2,Nonprofit,18,0,0,0,72,UT,-1,0,0,0,0,1,0,0,0,0,0,0,1,0,0,0,0,DA,N,N,2811,0,3
3.6,Private,14,3,0,0,129.5,MA,170,1,1,1,1,1,0,0,0,0,0,1,1,1,0,0,0,N,N,N,4624,0,3
3.1,Private,15,3,0,0,47,UT,44,1,0,0,1,1,0,0,0,0,0,0,1,0,0,0,0,DA,N,N,4386,3,2
3.8,Subsidiary,8,0,0,0,65,AL,7,1,1,1,1,1,0,0,0,0,0,0,0,0,0,0,0,DE,N,N,3585,0,2
3.8,Public,10,3,0,0,60,WI,151,0,0,1,1,0,0,0,0,0,0,0,0,0,0,0,0,DA,N,N,4103,3,2
4,Public,5,3,0,0,167.5,NY,172,0,0,1,1,0,0,0,0,0,0,0,0,0,0,0,0,DS,SR,M,4914,0,3
3.8,Private,24,3,0,0,65,NY,19,0,0,0,1,1,1,0,0,0,0,0,0,0,0,0,0,DA,N,N,2501,3,2
4,Private,13,2,0,0,94,VA,9,1,0,0,0,1,0,0,0,0,0,0,0,0,0,0,0,DA,SR,N,4096,3,2
1.9,Private,21,2,0,0,87.5,NY,11,1,0,0,1,1,0,0,0,0,0,0,0,0,0,0,1,DA,SR,N,4537,3,1
4,Private,13,2,0,0,97,VA,9,1,1,1,0,1,0,0,0,0,0,1,0,0,1,0,0,DE,SR,N,6152,3,2
4.3,Private,13,3,0,0,112.5,NC,31,1,1,1,0,0,0,0,0,0,0,1,0,0,1,0,0,DE,SR,N,4577,3,3
3.6,Private,14,3,0,0,91.5,MA,170,0,1,1,1,1,0,0,0,0,0,1,0,0,0,0,0,N,N,N,4260,0,3
3.3,Private,14,3,0,0,51.5,IN,109,1,0,0,1,1,0,0,0,0,0,0,0,1,0,0,0,N,N,M,4323,3,3
3.8,Public,5,3,0,0,114.5,MA,25,0,0,0,0,0,0,0,0,0,0,0,0,0,0,0,0,DS,N,N,1768,0,3
4.3,Private,6,1,0,0,115,NY,10,1,1,1,0,1,0,0,0,0,0,1,1,0,0,0,0,DS,N,N,1382,0,1
3.2,Private,6,1,0,0,74,PA,-1,1,0,1,0,1,0,0,0,0,0,0,0,0,0,0,0,M,N,M,1790,0,0
4.7,Private,6,1,0,0,51,CA,49,0,0,0,1,0,0,0,0,0,0,0,0,0,0,0,0,N,N,N,4223,0,1
3.4,Public,12,0,0,0,100,AZ,40,0,0,0,0,1,0,0,0,0,0,1,0,0,0,0,0,DE,SR,N,3889,0,2
3.8,Public,5,3,0,0,121,MA,25,0,0,0,0,0,0,0,0,0,0,0,0,0,0,0,0,DS,SR,N,1919,0,3
4.5,Private,13,2,0,0,121.5,CA,15,0,0,0,0,1,0,0,0,0,0,0,1,1,0,0,0,DA,SR,N,3726,3,1
3.1,Private,10,3,0,0,62.5,MA,165,1,0,0,1,1,1,0,0,0,0,0,0,0,0,0,0,N,N,M,3325,0,3
-1,Other,0,0,0,1,117.5,MA,-1,0,0,0,1,0,0,0,0,0,0,0,0,0,0,0,0,N,N,P,3437,0,0
3.9,Private,13,0,0,0,122,FL,9,1,0,1,0,0,0,0,0,0,0,0,0,0,0,0,0,DS,SR,M,5647,0,1
4.4,Private,13,0,0,0,85,VA,17,1,1,1,0,0,0,0,0,0,0,1,0,0,0,0,0,DE,N,N,2869,0,1
3.4,Private,13,2,0,0,60.5,AZ,19,1,1,1,0,1,0,0,0,0,0,0,0,0,0,1,0,DE,N,N,1214,0,2
3.9,Private,10,2,0,0,180,CA,12,1,0,0,1,1,0,0,0,0,0,0,0,0,0,0,0,DS,SR,M,3199,0,1
4.7,Private,10,0,0,0,70.5,MO,19,0,1,0,1,1,0,0,0,0,0,1,1,0,0,1,0,N,N,N,2708,0,2
3.3,Private,2,3,0,0,118.5,VA,4,1,1,0,0,1,0,0,0,0,0,1,0,0,0,0,0,DE,N,N,3392,0,2
3.9,Private,13,2,0,0,66.5,IL,26,1,0,0,0,1,1,0,0,0,0,0,1,1,0,0,0,N,N,M,4759,0,2
3.4,Private,6,2,0,0,107.5,MA,78,0,1,0,1,1,0,0,0,0,0,1,1,0,0,1,0,DS,N,N,8761,3,2
4.7,Private,6,1,0,0,138.5,TX,11,1,1,0,0,1,0,0,0,0,1,0,0,0,0,0,0,DE,SR,N,4854,0,1
2.7,Private,5,2,0,0,81,MD,60,0,0,0,0,0,0,0,0,0,0,0,0,0,0,0,0,N,N,N,4740,0,1
3.8,Private,14,3,0,0,58.5,IL,96,1,1,0,1,1,0,0,0,0,0,1,0,0,0,0,0,DE,N,M,2327,3,2
3.4,Public,23,3,0,0,107.5,IL,16,0,0,0,0,1,0,0,0,0,0,0,0,0,0,0,0,DE,SR,N,4288,3,2
3.8,Public,5,2,0,0,120.5,MA,13,0,0,0,0,0,1,0,0,0,0,0,0,0,0,0,0,N,N,M,2683,0,2
3.9,Private,13,1,0,0,63.5,CA,14,1,1,0,0,1,0,0,0,1,1,0,0,0,0,0,0,M,N,N,2340,2,1
3.1,Private,15,3,0,0,103.5,KY,146,0,0,0,0,0,0,0,0,0,0,0,0,0,0,0,0,N,N,N,5169,0,3
4.1,Public,13,3,0,0,107,CA,40,1,0,0,1,0,0,1,0,0,1,0,0,0,0,0,0,DS,N,N,3329,3,3
3.7,Public,2,3,0,0,105.5,VA,-1,1,1,0,0,1,0,0,0,0,0,1,0,0,0,0,0,DE,N,N,2672,0,3
2.8,Private,14,3,0,0,83,CA,49,0,0,0,0,1,0,0,0,0,0,0,1,1,0,0,0,DE,N,N,3828,3,2
4,Private,13,0,0,0,162,CA,14,1,1,1,1,0,0,0,0,0,0,1,0,0,0,0,0,DE,SR,N,3978,2,2
3.5,Private,13,3,0,0,68.5,CA,52,1,1,0,1,0,0,0,1,1,1,0,0,0,0,0,0,N,N,M,3413,1,2
3.4,Public,14,3,0,0,110.5,OH,43,0,0,0,1,1,0,0,1,0,1,0,0,0,0,0,0,DS,SR,N,1735,3,3
3.7,Subsidiary,14,2,0,0,115.5,IA,-1,1,0,0,1,1,0,0,0,0,0,0,1,0,0,0,0,DE,SR,N,6569,0,1
3,Public,5,0,0,0,87.5,CA,27,0,0,0,1,0,0,0,0,0,0,0,0,0,0,0,0,N,N,M,4586,3,2
3.8,Government,19,3,0,0,80.5,WA,56,0,0,0,0,0,0,0,1,0,1,0,0,0,0,0,0,DS,SR,M,5188,3,2
4.6,Private,10,2,0,0,43,IA,29,0,0,0,1,1,0,0,0,0,0,0,1,0,0,0,0,DA,N,N,4328,0,2
4.4,Public,5,0,0,0,140,MA,18,0,0,0,1,0,0,0,0,0,0,0,0,0,0,0,0,D,N,P,5449,0,1
4,Public,5,3,0,0,172,MA,172,0,0,1,0,0,0,0,0,0,0,0,0,0,0,0,0,D,N,P,5701,0,3
-1,Private,0,0,0,1,120,MA,-1,0,0,0,0,0,0,0,0,0,0,0,0,0,0,0,0,N,SR,P,3214,0,0
3,Private,14,3,0,0,66.5,PA,38,0,0,0,1,1,1,0,0,0,0,0,1,0,0,0,0,DA,SR,M,3766,3,3
3,Public,5,0,0,0,100,CA,27,0,0,0,1,0,0,0,0,0,0,0,0,0,0,0,0,N,SR,P,7777,3,2
4.7,Private,6,1,0,0,94.5,CA,15,1,0,1,0,0,0,0,0,0,0,0,0,0,0,0,0,DE,SR,N,1504,0,1
4.2,Private,12,0,0,0,221.5,CA,10,1,0,0,1,1,0,0,0,0,0,0,0,0,0,0,0,M,N,N,4951,0,2
3.8,Government,19,3,0,0,119,WA,56,0,0,0,0,0,0,0,1,0,1,0,0,0,0,0,0,DS,SR,M,5186,3,2
3.5,Private,6,2,0,0,95.5,IL,26,1,0,0,0,1,0,0,0,0,0,0,0,0,0,0,0,DE,N,M,3119,0,1
3.3,Private,14,3,0,0,194.5,IL,109,1,0,0,0,0,1,0,0,0,0,0,0,0,0,0,0,D,N,P,3935,3,3
3.2,Nonprofit,12,3,1,0,51.5,NE,25,0,0,0,0,0,0,0,0,0,0,0,0,0,0,0,0,N,N,N,1844,2,3
2.7,Public,10,3,1,0,27.5,TN,21,0,0,0,1,0,0,0,0,0,0,0,1,0,0,0,0,DA,SR,N,4299,0,3
3.3,Private,10,3,0,0,173,NJ,48,1,0,0,1,1,0,0,0,0,0,0,0,0,0,0,0,DA,SR,N,4183,0,2
3.7,School,9,0,0,0,105.5,TX,-1,1,0,1,0,0,0,1,1,1,1,0,0,0,0,0,0,DS,N,N,8734,0,2
3.9,Nonprofit,6,3,0,0,71.5,TX,74,1,0,1,1,1,0,0,0,0,0,0,0,0,0,0,0,N,SR,N,2332,3,2
3.1,Private,15,3,0,0,74,NC,146,0,0,0,1,0,0,0,0,0,0,0,0,0,0,0,0,N,SR,M,6034,0,3
3.7,Public,2,3,0,0,62.5,AL,99,0,0,0,1,0,0,0,0,0,0,0,0,0,0,0,0,DA,N,N,4774,0,3
4.3,Nonprofit,6,3,0,0,65.5,NC,63,0,0,0,0,0,0,0,0,0,0,0,0,0,0,0,0,N,SR,P,2222,3,2
3.8,Public,21,3,0,0,85,PA,73,1,0,0,0,1,0,0,1,0,1,0,0,0,0,0,0,DS,N,M,2493,3,3
3.9,Public,5,3,0,0,147.5,MD,108,1,0,0,1,0,0,0,0,0,0,0,0,0,0,0,0,DS,SR,P,4490,3,3
3.6,Private,6,0,0,0,161.5,NJ,32,1,0,1,1,1,0,0,0,0,0,0,1,1,0,0,0,D,N,N,5121,0,2
3.7,Nonprofit,12,3,0,0,81,VA,122,0,0,0,1,0,0,0,0,0,0,0,0,0,0,0,0,DE,N,M,2948,0,3
2.1,Other,5,2,0,0,72.5,PA,18,0,0,0,1,1,0,0,0,0,0,0,1,0,0,0,0,DA,SR,N,1359,2,2
3.9,Public,13,1,0,0,139,CA,13,1,0,1,1,0,0,0,0,0,0,0,0,0,0,0,0,DE,SR,N,4915,0,1
3.9,Private,13,1,0,0,136.5,CA,14,0,0,0,0,1,0,0,0,0,0,0,0,0,0,0,0,DE,SR,N,3466,2,1
3.2,Private,13,0,0,0,83,NY,13,1,1,0,1,1,0,0,0,0,0,0,0,0,0,0,0,DA,SR,N,2689,0,1
4.6,Subsidiary,6,1,0,0,121,MA,30,0,0,1,1,0,0,0,1,0,1,0,0,0,0,0,0,N,SR,P,3709,3,1
3.8,Private,24,3,0,0,74.5,NY,19,1,1,0,0,0,0,0,0,0,0,0,0,0,0,0,0,DS,N,N,3172,3,2
2.2,Private,21,0,0,0,85.5,CA,19,0,0,0,1,0,0,0,0,0,0,0,0,0,0,0,0,DA,N,N,4402,0,2
3.1,Private,15,3,0,0,80.5,NC,146,0,0,0,1,0,0,0,0,0,0,0,0,0,0,0,0,N,SR,M,5749,0,3
4.6,Subsidiary,6,1,0,0,167.5,MA,30,0,0,0,0,0,0,0,0,0,0,0,0,0,0,0,0,N,SR,P,3180,3,1
2.6,School,9,0,0,0,107.5,PA,37,1,0,0,0,1,0,0,0,1,0,0,0,0,0,0,0,MLE,N,P,2011,0,2
3.4,Nonprofit,18,2,0,0,44.5,WA,42,0,0,1,1,1,0,0,0,0,0,0,0,0,0,0,0,DA,N,N,4087,0,2
3.3,Private,12,3,0,0,107.5,MD,132,0,0,0,0,1,0,0,0,0,0,0,0,0,0,0,0,DA,SR,M,2606,3,2
-1,Private,0,0,0,1,132.5,MA,-1,0,0,0,0,0,0,0,0,0,0,0,0,0,0,0,0,N,SR,P,3082,0,0
3.7,Private,12,3,0,0,69.5,PA,27,0,0,0,1,1,0,0,0,0,0,0,1,1,0,0,0,DA,SR,N,1865,0,1
3.5,Public,13,3,0,0,98.5,CA,51,1,1,1,0,1,0,0,0,0,0,1,0,0,0,0,0,N,SR,N,3926,2,3
2.7,Private,5,2,0,0,80.5,MD,60,0,0,0,1,0,0,0,0,0,0,0,0,0,0,0,0,N,N,N,3570,0,1
3.8,Private,5,1,1,0,76.5,MA,13,0,0,0,1,0,0,0,0,0,0,0,0,0,0,0,0,N,N,N,3747,0,1
3.7,Public,2,3,0,0,99,MD,99,1,0,0,0,1,0,0,0,0,0,0,0,0,0,0,0,N,N,N,4431,0,3
3.8,Public,5,2,0,0,96.5,MA,13,0,0,0,1,0,0,0,0,0,0,0,0,0,0,0,0,M,N,N,4465,0,2
3.3,Private,14,3,0,0,53,MA,109,0,0,0,0,0,0,0,0,0,0,0,0,0,0,0,0,D,N,M,3448,3,3
2.7,Private,13,0,0,0,103,CA,10,0,1,1,0,0,0,0,0,0,0,1,0,0,1,0,0,DE,SR,N,4571,0,0
3.8,Public,10,2,0,0,139.5,CA,15,0,0,0,0,1,1,0,0,0,0,0,0,0,0,0,0,DS,SR,M,2933,0,2
3.8,Government,19,3,0,0,67,WA,56,0,0,0,0,0,0,0,1,0,1,0,0,0,0,0,0,DS,N,M,4945,3,2
3,Public,13,3,0,0,62.5,CT,40,0,0,0,1,0,0,0,0,0,0,0,0,0,0,0,0,N,N,N,3449,3,3
3.9,Public,5,3,0,0,92,MD,108,0,0,0,0,0,0,0,0,0,0,0,0,0,0,0,0,N,N,N,2391,3,3
3.6,Private,12,1,0,0,66,NY,41,0,0,0,1,0,0,0,0,0,0,0,0,0,0,0,0,DA,N,N,2292,2,0
3.5,Private,12,0,0,0,94.5,CA,8,1,1,1,1,1,0,0,0,0,0,1,0,0,0,0,0,DE,N,M,5743,0,2
3.6,Private,6,0,0,0,114,NJ,32,1,0,1,1,1,0,0,0,0,0,1,1,1,0,0,0,DS,N,N,4648,0,2
4.2,Private,9,0,0,0,75.5,NY,9,1,0,1,0,1,0,0,0,0,0,1,1,0,0,0,0,DS,N,N,4341,3,1
3.5,School,9,1,0,0,96,MO,-1,0,0,0,1,1,0,0,0,0,0,1,0,0,0,0,0,DS,N,P,3775,0,0
4,Public,2,2,0,0,87,VA,67,1,0,0,0,0,0,0,0,0,0,0,0,0,0,0,0,MLE,N,N,3127,2,2
3.7,Private,13,2,0,0,86,MD,15,1,0,0,1,0,1,0,0,0,0,0,0,0,0,0,0,DS,N,M,6626,0,1
4.4,Private,13,0,0,0,116.5,CA,9,1,0,0,0,1,0,0,0,0,0,0,0,0,0,0,0,DS,SR,M,1211,0,0
3.5,Private,5,3,0,0,154.5,MA,11,1,0,0,1,0,0,0,0,0,0,0,0,0,0,0,0,N,SR,P,4517,3,2
3.6,Private,4,2,0,0,48.5,CA,35,0,0,0,1,1,1,0,0,0,0,0,1,0,0,0,1,DA,N,M,4608,0,2
3.7,Public,10,3,0,0,87,KS,48,1,0,0,1,1,0,0,0,0,0,1,0,0,0,0,0,MLE,N,N,2860,0,2
3.4,Private,13,3,0,0,80,TX,19,1,1,0,1,1,0,0,0,0,0,1,0,0,0,0,0,DE,N,N,7802,3,2
4,Hospital,12,2,1,0,44.5,TX,44,0,0,1,0,0,0,0,0,0,0,0,0,0,0,0,0,N,N,N,5160,0,2
3.7,Public,2,3,0,0,173,CA,82,1,0,0,0,0,0,0,0,0,0,0,0,0,0,0,0,DS,SR,M,5884,0,3
2.4,Private,15,2,0,0,52.5,IL,-1,0,0,0,0,0,0,0,0,0,0,0,0,0,0,0,0,N,N,N,2433,0,2
3.5,Private,5,0,0,0,68.5,AZ,24,1,1,0,0,0,0,0,0,0,0,0,0,0,0,0,0,DE,N,N,1230,3,2
3.9,Public,5,3,0,0,95,MD,108,0,0,0,0,0,0,0,0,0,0,0,0,0,0,0,0,N,SR,P,3110,3,3
3.2,Nonprofit,11,3,0,0,69.5,MA,63,1,0,0,1,1,1,0,0,0,0,0,1,0,0,1,0,DS,N,N,4478,3,3
4.4,Subsidiary,17,0,0,0,107,OH,136,1,0,1,0,1,0,0,0,0,0,0,1,1,0,0,0,DS,SR,M,4804,0,1
3.9,Private,13,2,0,0,112,VA,11,1,1,0,0,1,0,0,0,0,0,1,0,0,0,0,0,DS,SR,M,4427,3,2
3.4,Private,6,1,0,0,96.5,DC,24,1,0,0,0,0,0,0,0,0,1,0,0,0,0,0,0,DS,N,M,4662,0,1
2.1,Public,5,2,0,0,111.5,CA,-1,0,0,0,1,0,0,0,0,0,0,0,0,0,0,0,0,N,N,P,4300,0,1
3.7,Public,5,3,0,0,154.5,MA,240,0,1,1,1,1,0,0,0,0,0,1,0,0,0,1,0,DE,N,M,6817,3,3
3.4,Private,12,0,0,0,95,NY,10,1,1,1,0,1,0,0,0,0,0,0,1,0,0,0,0,DS,N,N,3111,2,1
4,Private,8,0,0,0,97.5,NY,14,1,0,0,1,1,0,0,0,0,0,0,0,0,0,0,0,DS,N,N,3431,2,2
4.4,Private,6,2,0,0,128.5,IL,13,1,0,1,1,1,0,0,0,0,0,1,1,0,0,0,0,DS,SR,N,3160,0,1
2.6,School,9,0,0,0,124,PA,37,0,0,0,0,0,0,0,0,0,0,0,0,0,0,0,0,MLE,SR,P,5379,0,2
3.2,Subsidiary,13,0,0,0,194,CA,15,0,0,1,1,0,0,0,0,0,0,0,0,0,0,0,0,DS,SR,N,4847,3,2
3.7,Hospital,12,2,1,0,65,CO,55,0,0,0,0,0,0,0,0,0,0,0,0,0,0,0,0,N,N,N,1945,0,2
4.2,Nonprofit,18,0,0,0,50,UT,-1,0,0,1,1,1,0,0,0,0,0,0,0,0,0,0,0,DA,N,N,4525,0,3
3.5,Public,6,0,0,0,104.5,NY,16,1,1,1,1,1,0,0,0,0,0,0,0,0,0,0,0,DS,N,M,4134,0,1
4.3,Private,13,2,0,0,69.5,AZ,52,1,0,0,1,1,1,0,0,1,0,0,0,0,0,0,0,DS,N,N,3728,0,1
2.6,Private,9,0,0,0,121,CA,24,1,0,0,0,1,1,0,0,0,0,0,1,1,0,0,0,DS,N,M,2399,0,3
4.2,Private,13,0,0,0,85.5,NC,13,1,0,0,1,1,0,0,0,0,0,1,0,0,0,0,0,DE,N,N,5192,0,1
3.1,Public,16,3,0,0,113,CA,24,1,1,1,1,1,0,0,0,0,0,0,0,0,0,1,0,DE,N,N,2421,3,2
3.8,Subsidiary,15,2,0,0,103,CA,16,1,0,1,0,1,0,0,0,0,0,0,1,1,0,0,0,DS,N,M,2730,0,1
3.9,Public,5,3,0,0,90.5,MA,191,0,0,1,0,0,0,0,0,0,0,0,0,0,0,0,0,N,N,M,5838,3,3
4.3,Private,13,0,0,0,153,CA,13,1,1,0,1,0,0,0,0,0,0,0,0,0,0,0,0,DS,SR,N,2095,1,1
3.2,Nonprofit,11,3,0,0,106.5,VA,63,1,1,0,1,1,1,0,0,0,0,1,1,0,0,0,0,DS,JR,N,3170,3,3
5,Private,13,0,0,1,130,MI,10,0,0,0,1,0,0,0,0,0,0,0,0,0,0,0,0,DS,SR,M,3808,0,1
3.3,Public,6,3,0,0,123.5,CA,33,0,0,0,1,1,1,0,0,0,0,0,1,0,0,1,0,DA,N,M,7383,3,2
4.3,Public,13,3,0,0,86.5,NY,22,0,0,1,1,1,0,0,0,0,0,0,0,0,0,0,0,N,N,M,4023,1,2
3.5,Nonprofit,12,3,0,0,64,CA,25,0,0,0,0,1,0,0,0,0,0,0,1,0,0,0,0,M,N,N,3846,0,2
3.9,Private,13,1,0,0,47,NY,11,0,1,0,0,1,0,0,0,0,0,0,0,0,0,0,0,DA,SR,N,2460,0,1
4,Public,13,3,0,0,162,CA,39,1,0,0,1,1,0,0,0,0,0,1,1,1,0,0,0,N,N,M,3864,2,3
3.9,Public,5,3,0,0,140,MD,108,1,0,0,1,0,0,0,0,0,0,0,0,0,0,0,0,DS,SR,P,4572,3,3
3.4,Private,13,1,0,0,89,WA,-1,0,0,0,0,0,0,0,0,0,0,0,0,0,0,0,0,DS,N,N,407,0,1
3,Private,21,3,0,0,98,TN,63,1,0,0,0,1,0,0,0,0,0,0,0,0,0,0,0,DE,SR,M,2133,3,3
3.9,Public,5,3,0,0,137,NY,108,1,0,0,0,0,0,0,0,0,0,0,0,0,0,0,0,DS,SR,P,3169,3,3
4,Nonprofit,14,3,0,0,99,CO,106,1,0,1,0,1,0,0,0,0,0,0,0,0,0,0,0,DE,N,M,4701,0,2
3.3,Private,15,0,0,0,54,WI,57,0,0,0,0,0,0,0,0,0,0,0,0,0,0,0,0,N,N,N,2832,0,2
3.2,Private,12,0,0,0,109,TN,17,0,0,1,1,0,0,0,0,0,0,1,0,0,0,0,0,DE,SR,N,1793,0,2
3.4,Private,13,2,0,0,109,MD,22,0,0,1,0,0,0,0,0,0,0,0,0,0,0,0,0,DE,N,M,3677,0,1
4.4,Private,13,3,0,0,139.5,MA,37,1,0,0,0,1,0,0,0,0,0,0,1,1,0,0,0,DS,SR,M,2518,0,2
3.3,Private,14,3,0,0,254,IL,109,1,0,0,0,0,1,0,0,0,0,0,0,0,0,0,0,D,N,M,4471,3,3
3.2,Private,13,0,0,0,125,NY,46,1,0,1,1,1,0,0,1,0,1,0,0,0,0,0,0,MLE,N,M,3516,3,2
3.8,Public,5,3,0,0,106.5,MA,25,1,0,0,0,1,1,0,0,0,0,0,1,1,0,0,0,N,SR,M,4033,0,3
3.6,Nonprofit,12,2,1,0,56.5,DE,86,0,0,0,0,0,0,0,0,0,0,0,0,0,0,0,0,N,N,N,2801,0,2
2.9,Subsidiary,5,0,0,0,73,CA,9,0,0,0,0,0,0,0,0,0,0,0,0,0,0,0,0,N,N,P,3725,3,1
2.7,Private,5,2,0,0,81,MD,60,0,0,0,1,0,0,0,0,0,0,0,0,0,0,0,0,N,N,P,3776,0,1
3.2,Private,6,1,0,0,128.5,PA,-1,1,1,1,0,1,0,0,0,0,0,1,0,0,0,0,0,DS,N,N,2306,0,0
3.1,Private,15,3,0,0,99.5,NC,146,0,0,0,1,0,0,0,0,0,0,0,0,0,0,0,0,N,N,N,7121,0,3
4,Private,5,0,0,0,92,CA,15,0,0,1,1,0,0,0,0,0,0,0,0,0,0,0,0,N,SR,M,3911,3,2
3.3,Private,14,3,0,0,45.5,OH,32,0,0,0,0,0,0,0,0,0,0,0,0,0,0,0,0,DA,N,N,2867,0,2
4.5,Private,6,2,0,0,122.5,IN,25,1,1,1,0,1,0,0,0,0,0,1,0,0,0,1,0,DE,SR,N,2311,0,1
3,Subsidiary,13,2,0,0,37.5,FL,44,0,0,0,1,1,0,0,0,0,0,0,0,0,0,0,0,DA,N,M,6175,3,2
3.7,Public,14,3,0,0,54,MA,169,0,0,0,0,1,0,0,0,0,0,0,0,0,0,0,0,DA,N,N,3783,0,3
3.8,Private,24,3,0,0,53.5,NY,19,1,0,0,1,1,0,0,0,0,0,0,0,1,0,0,1,DA,N,M,2479,3,2
3.9,Public,10,3,0,0,140,IL,53,1,0,0,1,1,1,0,0,0,0,0,0,0,0,0,0,DS,SR,N,5338,0,3
3.2,Nonprofit,11,3,0,0,77.5,VA,63,0,0,0,0,0,0,0,0,0,0,0,0,0,0,0,0,N,SR,P,3243,3,3
3.3,Private,7,0,1,1,55,MA,45,0,0,0,1,0,0,0,0,0,0,0,0,0,0,0,0,N,N,N,1848,0,0
3.1,Private,15,3,0,0,117.5,NC,146,0,0,0,1,0,0,0,0,0,0,0,0,0,0,0,0,N,SR,M,7361,0,3
2.4,Private,5,2,0,0,70.5,CA,15,0,0,0,0,0,0,0,0,0,0,0,0,0,0,0,0,N,N,M,3374,0,2
4.8,Private,13,2,0,0,61.5,CA,10,0,0,0,1,1,0,0,0,0,0,0,1,0,0,0,0,M,N,N,3693,0,1
2.9,Private,5,0,0,0,80,GA,6,0,0,0,1,0,0,0,0,0,0,0,0,0,0,0,0,N,SR,N,4613,0,2
2.9,Private,5,0,0,0,70,NY,6,0,0,0,1,0,0,0,0,0,0,0,0,0,0,0,0,N,N,N,4707,0,2
-1,Private,0,0,0,1,120,MA,-1,0,0,0,1,0,0,0,0,0,0,0,0,0,0,0,0,N,N,P,3309,0,0
3.4,Private,14,2,0,0,90,MA,33,0,1,0,1,1,0,0,0,0,0,1,0,0,0,0,0,DE,N,N,2752,0,2
4.1,Private,9,0,0,0,111,CA,14,1,0,1,1,0,0,0,1,0,1,0,0,0,0,0,0,MLE,N,N,3478,0,0
3.9,Public,13,0,0,0,138.5,CA,13,1,0,0,0,1,0,0,0,0,0,0,1,0,0,0,0,DA,SR,N,5717,0,1
3.6,Private,14,3,0,0,68.5,MA,170,0,0,0,1,0,0,0,0,0,0,0,0,0,0,0,0,M,N,M,5016,0,3
3.9,Private,13,2,0,0,87.5,CA,10,1,0,1,1,1,0,0,0,0,0,0,0,0,0,0,0,DE,N,P,3813,2,1
3.6,Public,5,3,0,0,111.5,PA,4,0,0,0,0,0,0,0,0,0,0,0,0,0,0,0,0,N,SR,M,5025,3,3
3.9,Public,5,3,0,0,84.5,MA,191,0,0,1,0,0,0,0,0,0,0,0,0,0,0,0,0,N,SR,M,6162,3,3
4.4,Public,13,2,0,0,102.5,TN,15,1,1,1,0,1,0,0,0,0,0,1,0,0,0,0,0,DE,SR,N,6130,3,2
2.6,School,9,0,0,0,73.5,PA,37,0,0,0,1,0,0,0,0,0,0,0,0,0,0,0,0,N,N,P,3078,0,2
3.2,Private,6,1,0,0,127.5,PA,-1,0,0,0,1,0,0,0,0,0,0,0,0,0,0,0,0,M,N,N,1642,0,0
3.6,Nonprofit,11,2,0,0,93.5,OH,54,1,0,0,0,0,0,0,0,0,0,0,0,0,0,0,0,N,N,M,3673,0,2
